Workbook
Name FERIADOS: PARAMETROS!$A$2:$A$1551

Sheet DIC_TABLAS
A1: DATASET | B1: DESCRIPCION / INSTRUCCIONES
A2: =IFERROR(__xludf.DUMMYFUNCTION("QUERY({IMPORTRANGE(""1P0oKwzKbn6LJXrlUQ38ebfDyD6GcN8gtDfznV-VcUpg"",""DIC_TABLAS!A$2:D"")},""SELECT Col2, Col3 WHERE Col1 = 'AMBITO 3'"")"),"1) Multas coercitivas") -> 1) Multas coercitivas | B2: =IFERROR(__xludf.DUMMYFUNCTION("""COMPUTED_VALUE"""),"Esta base debe contener los proyectos de multas coercitivas.") -> Esta base debe contener los proyectos de multas coercitivas.
A3: =IFERROR(__xludf.DUMMYFUNCTION("""COMPUTED_VALUE"""),"2) Etapas") -> 2) Etapas | B3: =IFERROR(__xludf.DUMMYFUNCTION("""COMPUTED_VALUE"""),"Esta base debe contener las diferentes etapas de la elaboración de una multa coercitiva.") -> Esta base debe contener las diferentes etapas de la elaboración de una multa coercitiva.

Sheet DIC_VARIABLES
A1: DATASET | B1: SECCION | C1: CAMPO EN BD | D1: CODIGO CAMPO | E1: CAMPO NO PUBLICABLE | F1: NO PUBLICABLE PERO NECESARIO (CSEP) | G1: VARIABLES DE LLENADO MINIMO | H1: DESCRIPCION | I1: TIPO DE VARIABLE
A2: =IFERROR(__xludf.DUMMYFUNCTION("QUERY({IMPORTRANGE(""1GGHB-7IvEqjPs32eZ4K5cqTwzDZk9toJ9gAmRWrDwos"",""DIC_VARIABLES!A$2:J"")},""SELECT Col2, Col3, Col4, Col5, Col6, Col7, Col8, Col9, Col10 WHERE Col1 = 'AMBITO 3'"")"),"#REF!") -> #REF!

Sheet 1) Multas coercitivas
A1: CÓDIGOS | C1: ESTADO | E1: INFORMACIÓN GENERAL | I1: ETAPA DE DESCARGOS | Q1: ETAPA ANÁLISIS DE DESCARGOS | Y1: RESULTADO DEL PROYECTO | Z1: ETAPAS DE REGISTRO DE LA MC | AA1: IMPOSICIÓN DE MULTA COERCITIVA | AH1: SEGUIMIENTO DE MULTA | AL1: COBRANZA | AR1: AUXILIARES
A2: CÓDIGO DE LA MEDIDA ADMINISTRATIVA | B2: CÓDIGO DE PROYECTO DE MULTA COERCITIVA | C2: JEFE DE EQUIPO RESPONSABLE | D2: ETAPAS DE REGISTRO DEL PROYECTO | E2: N° DE PROYECTO | F2: COORDINACIÓN | G2: ADMINISTRADO | H2: UNIDAD FISCALIZABLE | I2: EXPEDIENTE CON EL INFORME DE DECLARACIÓN DEL INCUMPLIMIENTO | J2: N° DE CARTA QUE REQUIERE DESCARGOS | K2: FECHA DE NOTIFICACIÓN | L2: FECHA DE VENCIMIENTO | M2: ¿PRESENTÓ DESCARGOS EL ADMINISTRADO? | N2: FECHA DE RESPUESTA DEL ADMINISTRADO | O2: DOCUMENTO SIGED | P2: ESTADO DE DESCARGOS | Q2: FECHA DE INICIO DE ANÁLISIS | R2: ¿REQUIERE VERIFICACIÓN EN CAMPO? | S2: FECHA DE VERIFICACIÓN EN CAMPO | T2: FECHA FIN DE ANÁLISIS | U2: ¿AMERITA MULTA? | V2: N° DE DOCUMENTO EN EL QUE SE INDICA QUE NO AMERITA | W2: FECHA DOCUMENTO EN EL QUE SE INDICA QUE NO AMERITA MULTA | X2: MOTIVO POR EL CUAL NO AMERITA MULTA COERCITIVA | Y2: RESULTADO DEL PROYECTO | Z2: ETAPAS DE REGISTRO DE LA MC | AA2: EXPEDIENTE CON LA RESOLUCIÓN DE MC | AB2: N° DE RESOLUCIÓN DE MC | AC2: FECHA DE FIRMA DE RESOLUCIÓN DE MC | AD2: FECHA DE NOTIFICACIÓN DE RESOLUCIÓN DE MC | AE2: FECHA DE VENCIMIENTO DE MULTA | AF2: MULTA EN UIT | AG2: MULTA EN SOLES | AH2: RECORDATORIO NUEVO SEGUIMIENTO (POST MULTA COERCITIVA) | AI2: FECHA DE VERIFICACIÓN POST MULTA COERCITIVA | AJ2: DOCUMENTO DE VERIFICACIÓN DE MULTA | AK2: EXPEDIENTE SIGED DEL DOCUMENTO | AL2: ESTADO DE LA MULTA | AM2: FECHA DE PAGO | AN2: MEMORANDO DE TRASLADO A EJECUCIÓN FORZOSA | AO2: FECHA DE REMISIÓN DEL MEMORANDO | AP2: SIGED | AQ2: ESTADO DEL PAGO DE LA MULTA | AR2: AUX FINALIZADO | AS2: CÓDIGO DE LA MEDIDA ADMINISTRATIVA AUX | AT2: ESTADO AUX DE MULTA COERCITIVA | AU2: ÚLTIMA RESOLUCIÓN DE MULTA COERCITIVA | AV2: FECHA DE NOTIFICACIÓN DE LA ÚLTIMA RESOLUCIÓN DE MULTA COERCITIVA
A3: COD_MA | B3: COD_PROY_MC | C3: JEFE | D3: ETA_REG_PROY_MC | E3: N_PROY_MC | F3: COORD | G3: ADM | H3: UF | I3: EXP_INF_INCUMP | J3: N_CARTA_DCG | K3: FN_MC | L3: F_VENC_DCG | M3: PRESENT_DCG_ADM | N3: F_RPTA_ADM | O3: DOC_SIGED | P3: EST_DCG | Q3: F_INIC_ANALISIS | R3: REQ_VERIF_CAMPO | S3: F_VERIF_CAMPO | T3: F_FIN_ANALISIS | U3: AMERIT_MC | V3: N_DOC_NO_AMERIT | W3: F_DOC_NO_AMERIT | X3: MOTIVO_NO_AMERIT | Y3: RESULT_PROY_MC | Z3: ETA_REG_MC | AA3: EXP_RES_MC | AB3: N_RES_MC | AC3: F_FIRMA_RES_MC | AD3: FN_RES_MC | AE3: F_VENC_MC | AF3: MULTA_UIT | AG3: MULTA_S | AH3: RECORD_SEG | AI3: F_VERIF_POST_MC | AJ3: DOC_VERIF_MC | AK3: EXP_SIGED_DOC | AL3: ESTADO_MC | AM3: F_PAGO | AN3: MEMO_EF | AO3: F_REMIS | AP3: SIGED | AQ3: ESTADO_PAGO_MC | AR3: AUX_FIN_MC | AS3: AUX_COD_MA | AT3: AUX_EST_MC | AU3: URESOL_MC | AV3: FN_URESOL_MC
A4: 0136-2021-0012-2022-1-CAGR | B4: =IF(A4="","",IF(E4="","INDICAR NÚMERO DE PROYECTO",CONCATENATE("MULTA COERCITIVA - ",E4,"/",F4))) -> MULTA COERCITIVA - 1/CÓDIGO DE EXPEDIENTE INVÁLIDO | C4: PEÑA, AGUSTÍN | D4: =IF(A4="","",IF(AL4<>"","EN ETAPA DE COBRANZA",IF(AH4<>"","EN SEGUIMIENTO DE MULTA",IF(AB4<>"","EN IMPOISICIÓN DE MULTA",IF(Q4<>"","EN ETAPA DE ÁNALISIS DE DESCARGOS",IF(OR(P5="VENCIDO", P5="EN PLAZO"),"EN ETAPA DE DESCARGOS","EN ETAPA DE DESCARGOS")))))) -> EN ETAPA DE COBRANZA | E4: 1 | F4: {=IF($A4="","",IFERROR(INDEX(MA_INDIVIDUALES!C$2:C923, MATCH($A4,MA_INDIVIDUALES!$B$2:$B923,0),1),"CÓDIGO DE EXPEDIENTE INVÁLIDO"))} -> CÓDIGO DE EXPEDIENTE INVÁLIDO | G4: {=IF($A4="","",IFERROR(INDEX(MA_INDIVIDUALES!K$2:K923, MATCH($A4,MA_INDIVIDUALES!$B$2:$B923,0),1),"CÓDIGO DE EXPEDIENTE INVÁLIDO"))} -> CÓDIGO DE EXPEDIENTE INVÁLIDO | H4: {=IF($A4="","",IFERROR(INDEX(MA_INDIVIDUALES!L$2:L923, MATCH($A4,MA_INDIVIDUALES!$B$2:$B923,0),1),"CÓDIGO DE EXPEDIENTE INVÁLIDO"))} -> CÓDIGO DE EXPEDIENTE INVÁLIDO | I4: 0237-2022-DSAP-CAGR | J4: 0240-2023-OEFA/DSAP | K4: 44980 | L4: =IF(A4="","",IF(K4="","",_xlfn.WORKDAY.INTL(K4,5,1,FERIADOS))) -> 44987 | M4: NO | P4: =IF(A4="","",IF(M4="NO","NO PRESENTÓ DESCARGOS",IF(N4="",IF(TODAY()<=L4,"EN PLAZO","VENCIDO"),IF(N4<=L4,"PRESENTADO EN PLAZO","PRESENTADO FUERA DE PLAZO")))) -> NO PRESENTÓ DESCARGOS | U4: SI | Y4: =IF(A4="","",IF(U4="SI","ELABORAR MC",IF(U4="NO","NO AMERITA ELABORAR MC","EN PROCESO"))) -> ELABORAR MC | Z4: =IF(A4="","",IF(AND(AR4=-1,Y4="ELABORAR MC"),"SIN REGISTRO DE ETAPAS",IF(AND(AR4=0,Y4="ELABORAR MC"),"EN PROCESO",IF(AND(AR4=1,Y4="ELABORAR MC",AB4=""),"EN ESPERA DE REGISTRO DE RESOLUCIÓN",IF(AND(AR4=1,Y4="ELABORAR MC",AB4<>""),"TERMINADO",IF(OR(Y4="NO AMERITA MC",Y4="EN PROCESO"),"","")))))) -> SIN REGISTRO DE ETAPAS | AA4: 0237-2022-DSAP-CAGR | AB4: 0018-2023-OEFA/DSAP | AC4: 45001 | AD4: 45002 | AE4: =IF(U4="","",IF(AD4="","",_xlfn.WORKDAY.INTL(AD4,7,1,FERIADOS))) -> 45013 | AF4: 15 | AG4: {=IF(A4="","",IF(AF4="","",AF4*INDEX(PARAMETROS!F$2:F1067,MATCH(YEAR(AC4),PARAMETROS!E$2:E1067,0),1)))} -> #N/A | AL4: INCUMPLIDO | AN4: 0689-2023-OEFA/DSAP | AO4: 45029 | AP4: 2023-I01-012453 | AQ4: =IF($A4="","",IF(OR(AB4="",AL4="EN EJECUCIÓN"),"EN PROCESO", IF(AE4="","INDICAR FECHA DE NOTIFICACIÓN",IF(AM4="","NO PAGÓ MULTA",IF(AM4="",IF(TODAY()<=AE4,"EN PLAZO","VENCIDO"),IF(AM4<=AE4,"PAGADO EN PLAZO","PAGADO FUERA DE PLAZO")))))) -> NO PAGÓ MULTA | AR4: {=IF(A4="","",IFERROR(INDEX('2) Etapas'!L$3:L923,MATCH(B4,'2) Etapas'!$A$4:$A923,0),1),-1))} -> -1 | AS4: =IF(A4="","",A4) -> 0136-2021-0012-2022-1-CAGR | AT4: =IF(A4="","",IF(AU4="","MULTA EN ELABORACIÓN", "MULTA IMPUESTA")) -> MULTA IMPUESTA | AU4: =IF(OR($A4="",$AB4="", $AC4=""),"", INDEX($AB$4:$AB923,MATCH(CONCATENATE($A4,$AV4),$A$4:$A923&$AC$4:$AC923,0),1)) -> 0018-2023-OEFA/DSAP | AV4: {=IF(OR($A4="",$AB4="", $AC4=""),"",MAXA(IF($A4=$A$4:$A923,$AC$4:$AC923)))} -> 45001
A5: 0016-2022-ACTA 0002-1-CAGR | B5: =IF(A5="","",IF(E5="","INDICAR NÚMERO DE PROYECTO",CONCATENATE("MULTA COERCITIVA - ",E5,"/",F5))) -> MULTA COERCITIVA - 2/CÓDIGO DE EXPEDIENTE INVÁLIDO | C5: PEÑA, AGUSTÍN | D5: =IF(A5="","",IF(AL5<>"","EN ETAPA DE COBRANZA",IF(AH5<>"","EN SEGUIMIENTO DE MULTA",IF(AB5<>"","EN IMPOISICIÓN DE MULTA",IF(Q5<>"","EN ETAPA DE ÁNALISIS DE DESCARGOS",IF(OR(P6="VENCIDO", P6="EN PLAZO"),"EN ETAPA DE DESCARGOS","EN ETAPA DE DESCARGOS")))))) -> EN ETAPA DE COBRANZA | E5: 2 | F5: {=IF($A5="","",IFERROR(INDEX(MA_INDIVIDUALES!C$2:C923, MATCH($A5,MA_INDIVIDUALES!$B$2:$B923,0),1),"CÓDIGO DE EXPEDIENTE INVÁLIDO"))} -> CÓDIGO DE EXPEDIENTE INVÁLIDO | G5: {=IF($A5="","",IFERROR(INDEX(MA_INDIVIDUALES!K$2:K923, MATCH($A5,MA_INDIVIDUALES!$B$2:$B923,0),1),"CÓDIGO DE EXPEDIENTE INVÁLIDO"))} -> CÓDIGO DE EXPEDIENTE INVÁLIDO | H5: {=IF($A5="","",IFERROR(INDEX(MA_INDIVIDUALES!L$2:L923, MATCH($A5,MA_INDIVIDUALES!$B$2:$B923,0),1),"CÓDIGO DE EXPEDIENTE INVÁLIDO"))} -> CÓDIGO DE EXPEDIENTE INVÁLIDO | I5: 0011-2023-DSAP-CAGR | J5: 0498-2023-OEFA/DSAP | K5: 45028 | L5: =IF(A5="","",IF(K5="","",_xlfn.WORKDAY.INTL(K5,5,1,FERIADOS))) -> 45035 | M5: NO | P5: =IF(A5="","",IF(M5="NO","NO PRESENTÓ DESCARGOS",IF(N5="",IF(TODAY()<=L5,"EN PLAZO","VENCIDO"),IF(N5<=L5,"PRESENTADO EN PLAZO","PRESENTADO FUERA DE PLAZO")))) -> NO PRESENTÓ DESCARGOS | U5: SI | Y5: =IF(A5="","",IF(U5="SI","ELABORAR MC",IF(U5="NO","NO AMERITA ELABORAR MC","EN PROCESO"))) -> ELABORAR MC | Z5: =IF(A5="","",IF(AND(AR5=-1,Y5="ELABORAR MC"),"SIN REGISTRO DE ETAPAS",IF(AND(AR5=0,Y5="ELABORAR MC"),"EN PROCESO",IF(AND(AR5=1,Y5="ELABORAR MC",AB5=""),"EN ESPERA DE REGISTRO DE RESOLUCIÓN",IF(AND(AR5=1,Y5="ELABORAR MC",AB5<>""),"TERMINADO",IF(OR(Y5="NO AMERITA MC",Y5="EN PROCESO"),"","")))))) -> SIN REGISTRO DE ETAPAS | AA5: 0011-2023-DSAP-CAGR | AB5: 0126-2023-OEFA/DSAP | AC5: 45110 | AD5: 45111 | AE5: =IF(U5="","",IF(AD5="","",_xlfn.WORKDAY.INTL(AD5,7,1,FERIADOS))) -> 45120 | AF5: 22.5 | AG5: {=IF(A5="","",IF(AF5="","",AF5*INDEX(PARAMETROS!F$2:F1068,MATCH(YEAR(AC5),PARAMETROS!E$2:E1068,0),1)))} -> #N/A | AL5: INCUMPLIDO | AN5: 1421-2023-OEFA/DSAP | AO5: 45124 | AP5: 2023-I01-025671 | AQ5: =IF($A5="","",IF(OR(AB5="",AL5="EN EJECUCIÓN"),"EN PROCESO", IF(AE5="","INDICAR FECHA DE NOTIFICACIÓN",IF(AM5="","NO PAGÓ MULTA",IF(AM5="",IF(TODAY()<=AE5,"EN PLAZO","VENCIDO"),IF(AM5<=AE5,"PAGADO EN PLAZO","PAGADO FUERA DE PLAZO")))))) -> NO PAGÓ MULTA | AR5: {=IF(A5="","",IFERROR(INDEX('2) Etapas'!L$3:L923,MATCH(B5,'2) Etapas'!$A$4:$A923,0),1),-1))} -> -1 | AS5: =IF(A5="","",A5) -> 0016-2022-ACTA 0002-1-CAGR | AT5: =IF(A5="","",IF(AU5="","MULTA EN ELABORACIÓN", "MULTA IMPUESTA")) -> MULTA IMPUESTA | AU5: =IF(OR($A5="",$AB5="", $AC5=""),"", INDEX($AB$4:$AB924,MATCH(CONCATENATE($A5,$AV5),$A$4:$A924&$AC$4:$AC924,0),1)) -> 0126-2023-OEFA/DSAP | AV5: {=IF(OR($A5="",$AB5="", $AC5=""),"",MAXA(IF($A5=$A$4:$A923,$AC$4:$AC923)))} -> 45110
A6: 0016-2022-ACTA 0002-2-CAGR | B6: =IF(A6="","",IF(E6="","INDICAR NÚMERO DE PROYECTO",CONCATENATE("MULTA COERCITIVA - ",E6,"/",F6))) -> MULTA COERCITIVA - 2/CÓDIGO DE EXPEDIENTE INVÁLIDO | C6: PEÑA, AGUSTÍN | D6: =IF(A6="","",IF(AL6<>"","EN ETAPA DE COBRANZA",IF(AH6<>"","EN SEGUIMIENTO DE MULTA",IF(AB6<>"","EN IMPOISICIÓN DE MULTA",IF(Q6<>"","EN ETAPA DE ÁNALISIS DE DESCARGOS",IF(OR(P7="VENCIDO", P7="EN PLAZO"),"EN ETAPA DE DESCARGOS","EN ETAPA DE DESCARGOS")))))) -> EN ETAPA DE COBRANZA | E6: 2 | F6: {=IF($A6="","",IFERROR(INDEX(MA_INDIVIDUALES!C$2:C923, MATCH($A6,MA_INDIVIDUALES!$B$2:$B923,0),1),"CÓDIGO DE EXPEDIENTE INVÁLIDO"))} -> CÓDIGO DE EXPEDIENTE INVÁLIDO | G6: {=IF($A6="","",IFERROR(INDEX(MA_INDIVIDUALES!K$2:K923, MATCH($A6,MA_INDIVIDUALES!$B$2:$B923,0),1),"CÓDIGO DE EXPEDIENTE INVÁLIDO"))} -> CÓDIGO DE EXPEDIENTE INVÁLIDO | H6: {=IF($A6="","",IFERROR(INDEX(MA_INDIVIDUALES!L$2:L923, MATCH($A6,MA_INDIVIDUALES!$B$2:$B923,0),1),"CÓDIGO DE EXPEDIENTE INVÁLIDO"))} -> CÓDIGO DE EXPEDIENTE INVÁLIDO | I6: 0011-2023-DSAP-CAGR | J6: 0498-2023-OEFA/DSAP | K6: 45028 | L6: =IF(A6="","",IF(K6="","",_xlfn.WORKDAY.INTL(K6,5,1,FERIADOS))) -> 45035 | M6: NO | P6: =IF(A6="","",IF(M6="NO","NO PRESENTÓ DESCARGOS",IF(N6="",IF(TODAY()<=L6,"EN PLAZO","VENCIDO"),IF(N6<=L6,"PRESENTADO EN PLAZO","PRESENTADO FUERA DE PLAZO")))) -> NO PRESENTÓ DESCARGOS | U6: SI | Y6: =IF(A6="","",IF(U6="SI","ELABORAR MC",IF(U6="NO","NO AMERITA ELABORAR MC","EN PROCESO"))) -> ELABORAR MC | Z6: =IF(A6="","",IF(AND(AR6=-1,Y6="ELABORAR MC"),"SIN REGISTRO DE ETAPAS",IF(AND(AR6=0,Y6="ELABORAR MC"),"EN PROCESO",IF(AND(AR6=1,Y6="ELABORAR MC",AB6=""),"EN ESPERA DE REGISTRO DE RESOLUCIÓN",IF(AND(AR6=1,Y6="ELABORAR MC",AB6<>""),"TERMINADO",IF(OR(Y6="NO AMERITA MC",Y6="EN PROCESO"),"","")))))) -> SIN REGISTRO DE ETAPAS | AA6: 0011-2023-DSAP-CAGR | AB6: 0126-2023-OEFA/DSAP | AC6: 45110 | AD6: 45111 | AE6: =IF(U6="","",IF(AD6="","",_xlfn.WORKDAY.INTL(AD6,7,1,FERIADOS))) -> 45120 | AF6: 11.25 | AG6: {=IF(A6="","",IF(AF6="","",AF6*INDEX(PARAMETROS!F$2:F1069,MATCH(YEAR(AC6),PARAMETROS!E$2:E1069,0),1)))} -> #N/A | AL6: INCUMPLIDO | AN6: 1421-2023-OEFA/DSAP | AO6: 45124 | AP6: 2023-I01-025671 | AQ6: =IF($A6="","",IF(OR(AB6="",AL6="EN EJECUCIÓN"),"EN PROCESO", IF(AE6="","INDICAR FECHA DE NOTIFICACIÓN",IF(AM6="","NO PAGÓ MULTA",IF(AM6="",IF(TODAY()<=AE6,"EN PLAZO","VENCIDO"),IF(AM6<=AE6,"PAGADO EN PLAZO","PAGADO FUERA DE PLAZO")))))) -> NO PAGÓ MULTA | AR6: {=IF(A6="","",IFERROR(INDEX('2) Etapas'!L$3:L923,MATCH(B6,'2) Etapas'!$A$4:$A923,0),1),-1))} -> -1 | AS6: =IF(A6="","",A6) -> 0016-2022-ACTA 0002-2-CAGR | AT6: =IF(A6="","",IF(AU6="","MULTA EN ELABORACIÓN", "MULTA IMPUESTA")) -> MULTA IMPUESTA | AU6: =IF(OR($A6="",$AB6="", $AC6=""),"", INDEX($AB$4:$AB925,MATCH(CONCATENATE($A6,$AV6),$A$4:$A925&$AC$4:$AC925,0),1)) -> 0126-2023-OEFA/DSAP | AV6: {=IF(OR($A6="",$AB6="", $AC6=""),"",MAXA(IF($A6=$A$4:$A923,$AC$4:$AC923)))} -> 45110
A7: 0184-2022-0117-2023-1-CAGR | B7: =IF(A7="","",IF(E7="","INDICAR NÚMERO DE PROYECTO",CONCATENATE("MULTA COERCITIVA - ",E7,"/",F7))) -> MULTA COERCITIVA - 3/CÓDIGO DE EXPEDIENTE INVÁLIDO | C7: PEÑA, AGUSTÍN | D7: =IF(A7="","",IF(AL7<>"","EN ETAPA DE COBRANZA",IF(AH7<>"","EN SEGUIMIENTO DE MULTA",IF(AB7<>"","EN IMPOISICIÓN DE MULTA",IF(Q7<>"","EN ETAPA DE ÁNALISIS DE DESCARGOS",IF(OR(P8="VENCIDO", P8="EN PLAZO"),"EN ETAPA DE DESCARGOS","EN ETAPA DE DESCARGOS")))))) -> EN ETAPA DE COBRANZA | E7: 3 | F7: {=IF($A7="","",IFERROR(INDEX(MA_INDIVIDUALES!C$2:C923, MATCH($A7,MA_INDIVIDUALES!$B$2:$B923,0),1),"CÓDIGO DE EXPEDIENTE INVÁLIDO"))} -> CÓDIGO DE EXPEDIENTE INVÁLIDO | G7: {=IF($A7="","",IFERROR(INDEX(MA_INDIVIDUALES!K$2:K923, MATCH($A7,MA_INDIVIDUALES!$B$2:$B923,0),1),"CÓDIGO DE EXPEDIENTE INVÁLIDO"))} -> CÓDIGO DE EXPEDIENTE INVÁLIDO | H7: {=IF($A7="","",IFERROR(INDEX(MA_INDIVIDUALES!L$2:L923, MATCH($A7,MA_INDIVIDUALES!$B$2:$B923,0),1),"CÓDIGO DE EXPEDIENTE INVÁLIDO"))} -> CÓDIGO DE EXPEDIENTE INVÁLIDO | I7: 0085-2023-DSAP-CAGR | J7: 1021-2023-OEFA/DSAP | K7: 45120 | L7: =IF(A7="","",IF(K7="","",_xlfn.WORKDAY.INTL(K7,5,1,FERIADOS))) -> 45127 | M7: NO | P7: =IF(A7="","",IF(M7="NO","NO PRESENTÓ DESCARGOS",IF(N7="",IF(TODAY()<=L7,"EN PLAZO","VENCIDO"),IF(N7<=L7,"PRESENTADO EN PLAZO","PRESENTADO FUERA DE PLAZO")))) -> NO PRESENTÓ DESCARGOS | U7: SI | Y7: =IF(A7="","",IF(U7="SI","ELABORAR MC",IF(U7="NO","NO AMERITA ELABORAR MC","EN PROCESO"))) -> ELABORAR MC | Z7: =IF(A7="","",IF(AND(AR7=-1,Y7="ELABORAR MC"),"SIN REGISTRO DE ETAPAS",IF(AND(AR7=0,Y7="ELABORAR MC"),"EN PROCESO",IF(AND(AR7=1,Y7="ELABORAR MC",AB7=""),"EN ESPERA DE REGISTRO DE RESOLUCIÓN",IF(AND(AR7=1,Y7="ELABORAR MC",AB7<>""),"TERMINADO",IF(OR(Y7="NO AMERITA MC",Y7="EN PROCESO"),"","")))))) -> SIN REGISTRO DE ETAPAS | AA7: 0085-2023-DSAP-CAGR | AB7: 0132-2023-OEFA/DSAP | AC7: 45148 | AD7: 45148 | AE7: =IF(U7="","",IF(AD7="","",_xlfn.WORKDAY.INTL(AD7,7,1,FERIADOS))) -> 45159 | AF7: 6.5625 | AG7: {=IF(A7="","",IF(AF7="","",AF7*INDEX(PARAMETROS!F$2:F1070,MATCH(YEAR(AC7),PARAMETROS!E$2:E1070,0),1)))} -> #N/A | AL7: INCUMPLIDO | AN7: 1810-2023-OEFA/DSAP | AO7: 45169 | AP7: 2023-I01-032037 | AQ7: =IF($A7="","",IF(OR(AB7="",AL7="EN EJECUCIÓN"),"EN PROCESO", IF(AE7="","INDICAR FECHA DE NOTIFICACIÓN",IF(AM7="","NO PAGÓ MULTA",IF(AM7="",IF(TODAY()<=AE7,"EN PLAZO","VENCIDO"),IF(AM7<=AE7,"PAGADO EN PLAZO","PAGADO FUERA DE PLAZO")))))) -> NO PAGÓ MULTA | AR7: {=IF(A7="","",IFERROR(INDEX('2) Etapas'!L$3:L923,MATCH(B7,'2) Etapas'!$A$4:$A923,0),1),-1))} -> -1 | AS7: =IF(A7="","",A7) -> 0184-2022-0117-2023-1-CAGR | AT7: =IF(A7="","",IF(AU7="","MULTA EN ELABORACIÓN", "MULTA IMPUESTA")) -> MULTA IMPUESTA | AU7: =IF(OR($A7="",$AB7="", $AC7=""),"", INDEX($AB$4:$AB926,MATCH(CONCATENATE($A7,$AV7),$A$4:$A926&$AC$4:$AC926,0),1)) -> 0022-2025-OEFA/DSAP | AV7: {=IF(OR($A7="",$AB7="", $AC7=""),"",MAXA(IF($A7=$A$4:$A923,$AC$4:$AC923)))} -> 45743
A8: 0101-2021-0008-2022-1-CAGR | B8: =IF(A8="","",IF(E8="","INDICAR NÚMERO DE PROYECTO",CONCATENATE("MULTA COERCITIVA - ",E8,"/",F8))) -> MULTA COERCITIVA - 4/CÓDIGO DE EXPEDIENTE INVÁLIDO | C8: RIMACHI, LUIS | D8: =IF(A8="","",IF(AL8<>"","EN ETAPA DE COBRANZA",IF(AH8<>"","EN SEGUIMIENTO DE MULTA",IF(AB8<>"","EN IMPOISICIÓN DE MULTA",IF(Q8<>"","EN ETAPA DE ÁNALISIS DE DESCARGOS",IF(OR(P9="VENCIDO", P9="EN PLAZO"),"EN ETAPA DE DESCARGOS","EN ETAPA DE DESCARGOS")))))) -> EN ETAPA DE COBRANZA | E8: 4 | F8: {=IF($A8="","",IFERROR(INDEX(MA_INDIVIDUALES!C$2:C923, MATCH($A8,MA_INDIVIDUALES!$B$2:$B923,0),1),"CÓDIGO DE EXPEDIENTE INVÁLIDO"))} -> CÓDIGO DE EXPEDIENTE INVÁLIDO | G8: {=IF($A8="","",IFERROR(INDEX(MA_INDIVIDUALES!K$2:K923, MATCH($A8,MA_INDIVIDUALES!$B$2:$B923,0),1),"CÓDIGO DE EXPEDIENTE INVÁLIDO"))} -> CÓDIGO DE EXPEDIENTE INVÁLIDO | H8: {=IF($A8="","",IFERROR(INDEX(MA_INDIVIDUALES!L$2:L923, MATCH($A8,MA_INDIVIDUALES!$B$2:$B923,0),1),"CÓDIGO DE EXPEDIENTE INVÁLIDO"))} -> CÓDIGO DE EXPEDIENTE INVÁLIDO | I8: 0101-2021-DSAP-CAGR | J8: 0565-2023-OEFA/DSAP | K8: 45117 | L8: =IF(A8="","",IF(K8="","",_xlfn.WORKDAY.INTL(K8,5,1,FERIADOS))) -> 45124 | M8: NO | P8: =IF(A8="","",IF(M8="NO","NO PRESENTÓ DESCARGOS",IF(N8="",IF(TODAY()<=L8,"EN PLAZO","VENCIDO"),IF(N8<=L8,"PRESENTADO EN PLAZO","PRESENTADO FUERA DE PLAZO")))) -> NO PRESENTÓ DESCARGOS | U8: SI | Y8: =IF(A8="","",IF(U8="SI","ELABORAR MC",IF(U8="NO","NO AMERITA ELABORAR MC","EN PROCESO"))) -> ELABORAR MC | Z8: =IF(A8="","",IF(AND(AR8=-1,Y8="ELABORAR MC"),"SIN REGISTRO DE ETAPAS",IF(AND(AR8=0,Y8="ELABORAR MC"),"EN PROCESO",IF(AND(AR8=1,Y8="ELABORAR MC",AB8=""),"EN ESPERA DE REGISTRO DE RESOLUCIÓN",IF(AND(AR8=1,Y8="ELABORAR MC",AB8<>""),"TERMINADO",IF(OR(Y8="NO AMERITA MC",Y8="EN PROCESO"),"","")))))) -> SIN REGISTRO DE ETAPAS | AA8: 0101-2021-DSAP-CAGR | AB8: 0133-2023-OEFA/DSAP | AC8: 45148 | AD8: 45148 | AE8: =IF(U8="","",IF(AD8="","",_xlfn.WORKDAY.INTL(AD8,7,1,FERIADOS))) -> 45159 | AF8: 5 | AG8: {=IF(A8="","",IF(AF8="","",AF8*INDEX(PARAMETROS!F$2:F1071,MATCH(YEAR(AC8),PARAMETROS!E$2:E1071,0),1)))} -> #N/A | AL8: INCUMPLIDO | AN8: 1810-2023-OEFA/DSAP | AO8: 45169 | AP8: 2023-I01-032037 | AQ8: =IF($A8="","",IF(OR(AB8="",AL8="EN EJECUCIÓN"),"EN PROCESO", IF(AE8="","INDICAR FECHA DE NOTIFICACIÓN",IF(AM8="","NO PAGÓ MULTA",IF(AM8="",IF(TODAY()<=AE8,"EN PLAZO","VENCIDO"),IF(AM8<=AE8,"PAGADO EN PLAZO","PAGADO FUERA DE PLAZO")))))) -> NO PAGÓ MULTA | AR8: {=IF(A8="","",IFERROR(INDEX('2) Etapas'!L$3:L923,MATCH(B8,'2) Etapas'!$A$4:$A923,0),1),-1))} -> -1 | AS8: =IF(A8="","",A8) -> 0101-2021-0008-2022-1-CAGR | AT8: =IF(A8="","",IF(AU8="","MULTA EN ELABORACIÓN", "MULTA IMPUESTA")) -> MULTA IMPUESTA | AU8: =IF(OR($A8="",$AB8="", $AC8=""),"", INDEX($AB$4:$AB927,MATCH(CONCATENATE($A8,$AV8),$A$4:$A927&$AC$4:$AC927,0),1)) -> 0133-2023-OEFA/DSAP | AV8: {=IF(OR($A8="",$AB8="", $AC8=""),"",MAXA(IF($A8=$A$4:$A923,$AC$4:$AC923)))} -> 45148
A9: 0223-2022-ACTA 0003-1-CAGR | B9: =IF(A9="","",IF(E9="","INDICAR NÚMERO DE PROYECTO",CONCATENATE("MULTA COERCITIVA - ",E9,"/",F9))) -> MULTA COERCITIVA - 5/CÓDIGO DE EXPEDIENTE INVÁLIDO | C9: PEÑA, AGUSTÍN | D9: =IF(A9="","",IF(AL9<>"","EN ETAPA DE COBRANZA",IF(AH9<>"","EN SEGUIMIENTO DE MULTA",IF(AB9<>"","EN IMPOISICIÓN DE MULTA",IF(Q9<>"","EN ETAPA DE ÁNALISIS DE DESCARGOS",IF(OR(P10="VENCIDO", P10="EN PLAZO"),"EN ETAPA DE DESCARGOS","EN ETAPA DE DESCARGOS")))))) -> EN ETAPA DE COBRANZA | E9: 5 | F9: {=IF($A9="","",IFERROR(INDEX(MA_INDIVIDUALES!C$2:C923, MATCH($A9,MA_INDIVIDUALES!$B$2:$B923,0),1),"CÓDIGO DE EXPEDIENTE INVÁLIDO"))} -> CÓDIGO DE EXPEDIENTE INVÁLIDO | G9: {=IF($A9="","",IFERROR(INDEX(MA_INDIVIDUALES!K$2:K923, MATCH($A9,MA_INDIVIDUALES!$B$2:$B923,0),1),"CÓDIGO DE EXPEDIENTE INVÁLIDO"))} -> CÓDIGO DE EXPEDIENTE INVÁLIDO | H9: {=IF($A9="","",IFERROR(INDEX(MA_INDIVIDUALES!L$2:L923, MATCH($A9,MA_INDIVIDUALES!$B$2:$B923,0),1),"CÓDIGO DE EXPEDIENTE INVÁLIDO"))} -> CÓDIGO DE EXPEDIENTE INVÁLIDO | I9: 0223-2022-DSAP-CAGR | J9: 0316-2023-OEFA/DSAP | K9: 45050 | L9: =IF(A9="","",IF(K9="","",_xlfn.WORKDAY.INTL(K9,5,1,FERIADOS))) -> 45057 | M9: NO | P9: =IF(A9="","",IF(M9="NO","NO PRESENTÓ DESCARGOS",IF(N9="",IF(TODAY()<=L9,"EN PLAZO","VENCIDO"),IF(N9<=L9,"PRESENTADO EN PLAZO","PRESENTADO FUERA DE PLAZO")))) -> NO PRESENTÓ DESCARGOS | U9: SI | Y9: =IF(A9="","",IF(U9="SI","ELABORAR MC",IF(U9="NO","NO AMERITA ELABORAR MC","EN PROCESO"))) -> ELABORAR MC | Z9: =IF(A9="","",IF(AND(AR9=-1,Y9="ELABORAR MC"),"SIN REGISTRO DE ETAPAS",IF(AND(AR9=0,Y9="ELABORAR MC"),"EN PROCESO",IF(AND(AR9=1,Y9="ELABORAR MC",AB9=""),"EN ESPERA DE REGISTRO DE RESOLUCIÓN",IF(AND(AR9=1,Y9="ELABORAR MC",AB9<>""),"TERMINADO",IF(OR(Y9="NO AMERITA MC",Y9="EN PROCESO"),"","")))))) -> SIN REGISTRO DE ETAPAS | AA9: 0223-2022-DSAP-CAGR | AB9: 0134-2023-OEFA/DSAP | AC9: 45152 | AD9: 45152 | AE9: =IF(U9="","",IF(AD9="","",_xlfn.WORKDAY.INTL(AD9,7,1,FERIADOS))) -> 45161 | AF9: 3.75 | AG9: {=IF(A9="","",IF(AF9="","",AF9*INDEX(PARAMETROS!F$2:F1072,MATCH(YEAR(AC9),PARAMETROS!E$2:E1072,0),1)))} -> #N/A | AL9: INCUMPLIDO | AN9: 1810-2023-OEFA/DSAP | AO9: 45169 | AP9: 2023-I01-032037 | AQ9: =IF($A9="","",IF(OR(AB9="",AL9="EN EJECUCIÓN"),"EN PROCESO", IF(AE9="","INDICAR FECHA DE NOTIFICACIÓN",IF(AM9="","NO PAGÓ MULTA",IF(AM9="",IF(TODAY()<=AE9,"EN PLAZO","VENCIDO"),IF(AM9<=AE9,"PAGADO EN PLAZO","PAGADO FUERA DE PLAZO")))))) -> NO PAGÓ MULTA | AR9: {=IF(A9="","",IFERROR(INDEX('2) Etapas'!L$3:L923,MATCH(B9,'2) Etapas'!$A$4:$A923,0),1),-1))} -> -1 | AS9: =IF(A9="","",A9) -> 0223-2022-ACTA 0003-1-CAGR | AT9: =IF(A9="","",IF(AU9="","MULTA EN ELABORACIÓN", "MULTA IMPUESTA")) -> MULTA IMPUESTA | AU9: =IF(OR($A9="",$AB9="", $AC9=""),"", INDEX($AB$4:$AB928,MATCH(CONCATENATE($A9,$AV9),$A$4:$A928&$AC$4:$AC928,0),1)) -> 00009-2026-OEFA/DSAP | AV9: {=IF(OR($A9="",$AB9="", $AC9=""),"",MAXA(IF($A9=$A$4:$A923,$AC$4:$AC923)))} -> 46080
A10: 0223-2022-ACTA 0003-3-CAGR | B10: =IF(A10="","",IF(E10="","INDICAR NÚMERO DE PROYECTO",CONCATENATE("MULTA COERCITIVA - ",E10,"/",F10))) -> MULTA COERCITIVA - 5/CÓDIGO DE EXPEDIENTE INVÁLIDO | C10: PEÑA, AGUSTÍN | D10: =IF(A10="","",IF(AL10<>"","EN ETAPA DE COBRANZA",IF(AH10<>"","EN SEGUIMIENTO DE MULTA",IF(AB10<>"","EN IMPOISICIÓN DE MULTA",IF(Q10<>"","EN ETAPA DE ÁNALISIS DE DESCARGOS",IF(OR(P11="VENCIDO", P11="EN PLAZO"),"EN ETAPA DE DESCARGOS","EN ETAPA DE DESCARGOS")))))) -> EN ETAPA DE COBRANZA | E10: 5 | F10: {=IF($A10="","",IFERROR(INDEX(MA_INDIVIDUALES!C$2:C923, MATCH($A10,MA_INDIVIDUALES!$B$2:$B923,0),1),"CÓDIGO DE EXPEDIENTE INVÁLIDO"))} -> CÓDIGO DE EXPEDIENTE INVÁLIDO | G10: {=IF($A10="","",IFERROR(INDEX(MA_INDIVIDUALES!K$2:K923, MATCH($A10,MA_INDIVIDUALES!$B$2:$B923,0),1),"CÓDIGO DE EXPEDIENTE INVÁLIDO"))} -> CÓDIGO DE EXPEDIENTE INVÁLIDO | H10: {=IF($A10="","",IFERROR(INDEX(MA_INDIVIDUALES!L$2:L923, MATCH($A10,MA_INDIVIDUALES!$B$2:$B923,0),1),"CÓDIGO DE EXPEDIENTE INVÁLIDO"))} -> CÓDIGO DE EXPEDIENTE INVÁLIDO | I10: 0223-2022-DSAP-CAGR | J10: 0316-2023-OEFA/DSAP | K10: 45050 | L10: =IF(A10="","",IF(K10="","",_xlfn.WORKDAY.INTL(K10,5,1,FERIADOS))) -> 45057 | M10: NO | P10: =IF(A10="","",IF(M10="NO","NO PRESENTÓ DESCARGOS",IF(N10="",IF(TODAY()<=L10,"EN PLAZO","VENCIDO"),IF(N10<=L10,"PRESENTADO EN PLAZO","PRESENTADO FUERA DE PLAZO")))) -> NO PRESENTÓ DESCARGOS | U10: SI | Y10: =IF(A10="","",IF(U10="SI","ELABORAR MC",IF(U10="NO","NO AMERITA ELABORAR MC","EN PROCESO"))) -> ELABORAR MC | Z10: =IF(A10="","",IF(AND(AR10=-1,Y10="ELABORAR MC"),"SIN REGISTRO DE ETAPAS",IF(AND(AR10=0,Y10="ELABORAR MC"),"EN PROCESO",IF(AND(AR10=1,Y10="ELABORAR MC",AB10=""),"EN ESPERA DE REGISTRO DE RESOLUCIÓN",IF(AND(AR10=1,Y10="ELABORAR MC",AB10<>""),"TERMINADO",IF(OR(Y10="NO AMERITA MC",Y10="EN PROCESO"),"","")))))) -> SIN REGISTRO DE ETAPAS | AA10: 0223-2022-DSAP-CAGR | AB10: 0134-2023-OEFA/DSAP | AC10: 45152 | AD10: 45152 | AE10: =IF(U10="","",IF(AD10="","",_xlfn.WORKDAY.INTL(AD10,7,1,FERIADOS))) -> 45161 | AF10: 3.75 | AG10: {=IF(A10="","",IF(AF10="","",AF10*INDEX(PARAMETROS!F$2:F1073,MATCH(YEAR(AC10),PARAMETROS!E$2:E1073,0),1)))} -> #N/A | AL10: INCUMPLIDO | AN10: 1810-2023-OEFA/DSAP | AO10: 45169 | AP10: 2023-I01-032037 | AQ10: =IF($A10="","",IF(OR(AB10="",AL10="EN EJECUCIÓN"),"EN PROCESO", IF(AE10="","INDICAR FECHA DE NOTIFICACIÓN",IF(AM10="","NO PAGÓ MULTA",IF(AM10="",IF(TODAY()<=AE10,"EN PLAZO","VENCIDO"),IF(AM10<=AE10,"PAGADO EN PLAZO","PAGADO FUERA DE PLAZO")))))) -> NO PAGÓ MULTA | AR10: {=IF(A10="","",IFERROR(INDEX('2) Etapas'!L$3:L923,MATCH(B10,'2) Etapas'!$A$4:$A923,0),1),-1))} -> -1 | AS10: =IF(A10="","",A10) -> 0223-2022-ACTA 0003-3-CAGR | AT10: =IF(A10="","",IF(AU10="","MULTA EN ELABORACIÓN", "MULTA IMPUESTA")) -> MULTA IMPUESTA | AU10: =IF(OR($A10="",$AB10="", $AC10=""),"", INDEX($AB$4:$AB929,MATCH(CONCATENATE($A10,$AV10),$A$4:$A929&$AC$4:$AC929,0),1)) -> 00009-2026-OEFA/DSAP | AV10: {=IF(OR($A10="",$AB10="", $AC10=""),"",MAXA(IF($A10=$A$4:$A923,$AC$4:$AC923)))} -> 46080
A11: 0040-2023-0149-2023-1-CAGR | B11: =IF(A11="","",IF(E11="","INDICAR NÚMERO DE PROYECTO",CONCATENATE("MULTA COERCITIVA - ",E11,"/",F11))) -> MULTA COERCITIVA - 6/CÓDIGO DE EXPEDIENTE INVÁLIDO | C11: PEÑA, AGUSTÍN | D11: =IF(A11="","",IF(AL11<>"","EN ETAPA DE COBRANZA",IF(AH11<>"","EN SEGUIMIENTO DE MULTA",IF(AB11<>"","EN IMPOISICIÓN DE MULTA",IF(Q11<>"","EN ETAPA DE ÁNALISIS DE DESCARGOS",IF(OR(P12="VENCIDO", P12="EN PLAZO"),"EN ETAPA DE DESCARGOS","EN ETAPA DE DESCARGOS")))))) -> EN ETAPA DE COBRANZA | E11: 6 | F11: {=IF($A11="","",IFERROR(INDEX(MA_INDIVIDUALES!C$2:C923, MATCH($A11,MA_INDIVIDUALES!$B$2:$B923,0),1),"CÓDIGO DE EXPEDIENTE INVÁLIDO"))} -> CÓDIGO DE EXPEDIENTE INVÁLIDO | G11: {=IF($A11="","",IFERROR(INDEX(MA_INDIVIDUALES!K$2:K923, MATCH($A11,MA_INDIVIDUALES!$B$2:$B923,0),1),"CÓDIGO DE EXPEDIENTE INVÁLIDO"))} -> CÓDIGO DE EXPEDIENTE INVÁLIDO | H11: {=IF($A11="","",IFERROR(INDEX(MA_INDIVIDUALES!L$2:L923, MATCH($A11,MA_INDIVIDUALES!$B$2:$B923,0),1),"CÓDIGO DE EXPEDIENTE INVÁLIDO"))} -> CÓDIGO DE EXPEDIENTE INVÁLIDO | I11: 0150-2024-DSAP-CAGR | J11: 1723-2024-OEFA/DSAP | K11: 45579 | L11: =IF(A11="","",IF(K11="","",_xlfn.WORKDAY.INTL(K11,5,1,FERIADOS))) -> 45586 | M11: NO | P11: =IF(A11="","",IF(M11="NO","NO PRESENTÓ DESCARGOS",IF(N11="",IF(TODAY()<=L11,"EN PLAZO","VENCIDO"),IF(N11<=L11,"PRESENTADO EN PLAZO","PRESENTADO FUERA DE PLAZO")))) -> NO PRESENTÓ DESCARGOS | U11: SI | Y11: =IF(A11="","",IF(U11="SI","ELABORAR MC",IF(U11="NO","NO AMERITA ELABORAR MC","EN PROCESO"))) -> ELABORAR MC | Z11: =IF(A11="","",IF(AND(AR11=-1,Y11="ELABORAR MC"),"SIN REGISTRO DE ETAPAS",IF(AND(AR11=0,Y11="ELABORAR MC"),"EN PROCESO",IF(AND(AR11=1,Y11="ELABORAR MC",AB11=""),"EN ESPERA DE REGISTRO DE RESOLUCIÓN",IF(AND(AR11=1,Y11="ELABORAR MC",AB11<>""),"TERMINADO",IF(OR(Y11="NO AMERITA MC",Y11="EN PROCESO"),"","")))))) -> SIN REGISTRO DE ETAPAS | AA11: 0150-2024-DSAP-CAGR | AB11: 0008-2025-OEFA/DSAP | AC11: 45687 | AD11: 45688 | AE11: =IF(U11="","",IF(AD11="","",_xlfn.WORKDAY.INTL(AD11,7,1,FERIADOS))) -> 45699 | AF11: 20.25 | AG11: {=IF(A11="","",IF(AF11="","",AF11*INDEX(PARAMETROS!F$2:F1074,MATCH(YEAR(AC11),PARAMETROS!E$2:E1074,0),1)))} -> #N/A | AL11: INCUMPLIDO | AN11: 0754-2025-OEFA/DSAP | AO11: 45734 | AP11: 2025-I01-012041 | AQ11: =IF($A11="","",IF(OR(AB11="",AL11="EN EJECUCIÓN"),"EN PROCESO", IF(AE11="","INDICAR FECHA DE NOTIFICACIÓN",IF(AM11="","NO PAGÓ MULTA",IF(AM11="",IF(TODAY()<=AE11,"EN PLAZO","VENCIDO"),IF(AM11<=AE11,"PAGADO EN PLAZO","PAGADO FUERA DE PLAZO")))))) -> NO PAGÓ MULTA | AR11: {=IF(A11="","",IFERROR(INDEX('2) Etapas'!L$3:L923,MATCH(B11,'2) Etapas'!$A$4:$A923,0),1),-1))} -> -1 | AS11: =IF(A11="","",A11) -> 0040-2023-0149-2023-1-CAGR | AT11: =IF(A11="","",IF(AU11="","MULTA EN ELABORACIÓN", "MULTA IMPUESTA")) -> MULTA IMPUESTA | AU11: =IF(OR($A11="",$AB11="", $AC11=""),"", INDEX($AB$4:$AB930,MATCH(CONCATENATE($A11,$AV11),$A$4:$A930&$AC$4:$AC930,0),1)) -> 0008-2025-OEFA/DSAP | AV11: {=IF(OR($A11="",$AB11="", $AC11=""),"",MAXA(IF($A11=$A$4:$A923,$AC$4:$AC923)))} -> 45687
A12: 0184-2022-0117-2023-1-CAGR | B12: =IF(A12="","",IF(E12="","INDICAR NÚMERO DE PROYECTO",CONCATENATE("MULTA COERCITIVA - ",E12,"/",F12))) -> MULTA COERCITIVA - 7/CÓDIGO DE EXPEDIENTE INVÁLIDO | C12: PEÑA, AGUSTÍN | D12: =IF(A12="","",IF(AL12<>"","EN ETAPA DE COBRANZA",IF(AH12<>"","EN SEGUIMIENTO DE MULTA",IF(AB12<>"","EN IMPOISICIÓN DE MULTA",IF(Q12<>"","EN ETAPA DE ÁNALISIS DE DESCARGOS",IF(OR(P13="VENCIDO", P13="EN PLAZO"),"EN ETAPA DE DESCARGOS","EN ETAPA DE DESCARGOS")))))) -> EN ETAPA DE COBRANZA | E12: 7 | F12: {=IF($A12="","",IFERROR(INDEX(MA_INDIVIDUALES!C$2:C923, MATCH($A12,MA_INDIVIDUALES!$B$2:$B923,0),1),"CÓDIGO DE EXPEDIENTE INVÁLIDO"))} -> CÓDIGO DE EXPEDIENTE INVÁLIDO | G12: {=IF($A12="","",IFERROR(INDEX(MA_INDIVIDUALES!K$2:K923, MATCH($A12,MA_INDIVIDUALES!$B$2:$B923,0),1),"CÓDIGO DE EXPEDIENTE INVÁLIDO"))} -> CÓDIGO DE EXPEDIENTE INVÁLIDO | H12: {=IF($A12="","",IFERROR(INDEX(MA_INDIVIDUALES!L$2:L923, MATCH($A12,MA_INDIVIDUALES!$B$2:$B923,0),1),"CÓDIGO DE EXPEDIENTE INVÁLIDO"))} -> CÓDIGO DE EXPEDIENTE INVÁLIDO | I12: 0233-2024-DSAP-CAGR | J12: 0103-2025-OEFA/DSAP | K12: 45684 | L12: =IF(A12="","",IF(K12="","",_xlfn.WORKDAY.INTL(K12,5,1,FERIADOS))) -> 45691 | M12: SI | N12: 45768 | O12: 2025-E01-053756 | P12: =IF(A12="","",IF(M12="NO","NO PRESENTÓ DESCARGOS",IF(N12="",IF(TODAY()<=L12,"EN PLAZO","VENCIDO"),IF(N12<=L12,"PRESENTADO EN PLAZO","PRESENTADO FUERA DE PLAZO")))) -> PRESENTADO FUERA DE PLAZO | Q12: 45772 | R12: NO | T12: 45810 | U12: SI | Y12: =IF(A12="","",IF(U12="SI","ELABORAR MC",IF(U12="NO","NO AMERITA ELABORAR MC","EN PROCESO"))) -> ELABORAR MC | Z12: =IF(A12="","",IF(AND(AR12=-1,Y12="ELABORAR MC"),"SIN REGISTRO DE ETAPAS",IF(AND(AR12=0,Y12="ELABORAR MC"),"EN PROCESO",IF(AND(AR12=1,Y12="ELABORAR MC",AB12=""),"EN ESPERA DE REGISTRO DE RESOLUCIÓN",IF(AND(AR12=1,Y12="ELABORAR MC",AB12<>""),"TERMINADO",IF(OR(Y12="NO AMERITA MC",Y12="EN PROCESO"),"","")))))) -> SIN REGISTRO DE ETAPAS | AA12: 0233-2024-DSAP-CAGR | AB12: 0022-2025-OEFA/DSAP | AC12: 45743 | AD12: 45744 | AE12: =IF(U12="","",IF(AD12="","",_xlfn.WORKDAY.INTL(AD12,7,1,FERIADOS))) -> 45755 | AF12: 20.25 | AG12: {=IF(A12="","",IF(AF12="","",AF12*INDEX(PARAMETROS!F$2:F1075,MATCH(YEAR(AC12),PARAMETROS!E$2:E1075,0),1)))} -> #N/A | AL12: INCUMPLIDO | AN12: 2558-2025-OEFA/DSAP | AO12: 45915 | AP12: 2025-I01-040793 | AQ12: =IF($A12="","",IF(OR(AB12="",AL12="EN EJECUCIÓN"),"EN PROCESO", IF(AE12="","INDICAR FECHA DE NOTIFICACIÓN",IF(AM12="","NO PAGÓ MULTA",IF(AM12="",IF(TODAY()<=AE12,"EN PLAZO","VENCIDO"),IF(AM12<=AE12,"PAGADO EN PLAZO","PAGADO FUERA DE PLAZO")))))) -> NO PAGÓ MULTA | AR12: {=IF(A12="","",IFERROR(INDEX('2) Etapas'!L$3:L923,MATCH(B12,'2) Etapas'!$A$4:$A923,0),1),-1))} -> -1 | AS12: =IF(A12="","",A12) -> 0184-2022-0117-2023-1-CAGR | AT12: =IF(A12="","",IF(AU12="","MULTA EN ELABORACIÓN", "MULTA IMPUESTA")) -> MULTA IMPUESTA | AU12: =IF(OR($A12="",$AB12="", $AC12=""),"", INDEX($AB$4:$AB931,MATCH(CONCATENATE($A12,$AV12),$A$4:$A931&$AC$4:$AC931,0),1)) -> 0022-2025-OEFA/DSAP | AV12: {=IF(OR($A12="",$AB12="", $AC12=""),"",MAXA(IF($A12=$A$4:$A923,$AC$4:$AC923)))} -> 45743
A13: 0184-2024-0019-2025-1-CAGR | B13: =IF(A13="","",IF(E13="","INDICAR NÚMERO DE PROYECTO",CONCATENATE("MULTA COERCITIVA - ",E13,"/",F13))) -> MULTA COERCITIVA - 8/CÓDIGO DE EXPEDIENTE INVÁLIDO | C13: CORCUERA, ALDO | D13: =IF(A13="","",IF(AL13<>"","EN ETAPA DE COBRANZA",IF(AH13<>"","EN SEGUIMIENTO DE MULTA",IF(AB13<>"","EN IMPOISICIÓN DE MULTA",IF(Q13<>"","EN ETAPA DE ÁNALISIS DE DESCARGOS",IF(OR(P14="VENCIDO", P14="EN PLAZO"),"EN ETAPA DE DESCARGOS","EN ETAPA DE DESCARGOS")))))) -> EN ETAPA DE COBRANZA | E13: 8 | F13: {=IF($A13="","",IFERROR(INDEX(MA_INDIVIDUALES!C$2:C923, MATCH($A13,MA_INDIVIDUALES!$B$2:$B923,0),1),"CÓDIGO DE EXPEDIENTE INVÁLIDO"))} -> CÓDIGO DE EXPEDIENTE INVÁLIDO | G13: {=IF($A13="","",IFERROR(INDEX(MA_INDIVIDUALES!K$2:K923, MATCH($A13,MA_INDIVIDUALES!$B$2:$B923,0),1),"CÓDIGO DE EXPEDIENTE INVÁLIDO"))} -> CÓDIGO DE EXPEDIENTE INVÁLIDO | H13: {=IF($A13="","",IFERROR(INDEX(MA_INDIVIDUALES!L$2:L923, MATCH($A13,MA_INDIVIDUALES!$B$2:$B923,0),1),"CÓDIGO DE EXPEDIENTE INVÁLIDO"))} -> CÓDIGO DE EXPEDIENTE INVÁLIDO | I13: 0180-2025-DSAP-CAGR | J13: 1664-2025-OEFA/DSAP | K13: 46007 | L13: =IF(A13="","",IF(K13="","",_xlfn.WORKDAY.INTL(K13,5,1,FERIADOS))) -> 46014 | M13: NO | P13: =IF(A13="","",IF(M13="NO","NO PRESENTÓ DESCARGOS",IF(N13="",IF(TODAY()<=L13,"EN PLAZO","VENCIDO"),IF(N13<=L13,"PRESENTADO EN PLAZO","PRESENTADO FUERA DE PLAZO")))) -> NO PRESENTÓ DESCARGOS | U13: SI | Y13: =IF(A13="","",IF(U13="SI","ELABORAR MC",IF(U13="NO","NO AMERITA ELABORAR MC","EN PROCESO"))) -> ELABORAR MC | Z13: =IF(A13="","",IF(AND(AR13=-1,Y13="ELABORAR MC"),"SIN REGISTRO DE ETAPAS",IF(AND(AR13=0,Y13="ELABORAR MC"),"EN PROCESO",IF(AND(AR13=1,Y13="ELABORAR MC",AB13=""),"EN ESPERA DE REGISTRO DE RESOLUCIÓN",IF(AND(AR13=1,Y13="ELABORAR MC",AB13<>""),"TERMINADO",IF(OR(Y13="NO AMERITA MC",Y13="EN PROCESO"),"","")))))) -> SIN REGISTRO DE ETAPAS | AA13: 0180-2025-DSAP-CAGR | AB13: 0004-2026-OEFA/DSAP | AC13: 46044 | AD13: 46044 | AE13: =IF(U13="","",IF(AD13="","",_xlfn.WORKDAY.INTL(AD13,7,1,FERIADOS))) -> 46055 | AF13: 4.68 | AG13: {=IF(A13="","",IF(AF13="","",AF13*INDEX(PARAMETROS!F$2:F1076,MATCH(YEAR(AC13),PARAMETROS!E$2:E1076,0),1)))} -> #N/A | AL13: INCUMPLIDO | AN13: 00337-2026-OEFA/DSAP | AO13: 46073 | AP13: 2026-I01-006274 | AQ13: =IF($A13="","",IF(OR(AB13="",AL13="EN EJECUCIÓN"),"EN PROCESO", IF(AE13="","INDICAR FECHA DE NOTIFICACIÓN",IF(AM13="","NO PAGÓ MULTA",IF(AM13="",IF(TODAY()<=AE13,"EN PLAZO","VENCIDO"),IF(AM13<=AE13,"PAGADO EN PLAZO","PAGADO FUERA DE PLAZO")))))) -> NO PAGÓ MULTA | AR13: {=IF(A13="","",IFERROR(INDEX('2) Etapas'!L$3:L923,MATCH(B13,'2) Etapas'!$A$4:$A923,0),1),-1))} -> -1 | AS13: =IF(A13="","",A13) -> 0184-2024-0019-2025-1-CAGR | AT13: =IF(A13="","",IF(AU13="","MULTA EN ELABORACIÓN", "MULTA IMPUESTA")) -> MULTA IMPUESTA | AU13: =IF(OR($A13="",$AB13="", $AC13=""),"", INDEX($AB$4:$AB932,MATCH(CONCATENATE($A13,$AV13),$A$4:$A932&$AC$4:$AC932,0),1)) -> 0016-2026-OEFA/DSAP | AV13: {=IF(OR($A13="",$AB13="", $AC13=""),"",MAXA(IF($A13=$A$4:$A923,$AC$4:$AC923)))} -> 46203
A14: 0223-2022-ACTA 0003-1-CAGR | B14: =IF(A14="","",IF(E14="","INDICAR NÚMERO DE PROYECTO",CONCATENATE("MULTA COERCITIVA - ",E14,"/",F14))) -> MULTA COERCITIVA - 9/CÓDIGO DE EXPEDIENTE INVÁLIDO | C14: PEÑA, AGUSTÍN | D14: =IF(A14="","",IF(AL14<>"","EN ETAPA DE COBRANZA",IF(AH14<>"","EN SEGUIMIENTO DE MULTA",IF(AB14<>"","EN IMPOISICIÓN DE MULTA",IF(Q14<>"","EN ETAPA DE ÁNALISIS DE DESCARGOS",IF(OR(P15="VENCIDO", P15="EN PLAZO"),"EN ETAPA DE DESCARGOS","EN ETAPA DE DESCARGOS")))))) -> EN ETAPA DE COBRANZA | E14: 9 | F14: {=IF($A14="","",IFERROR(INDEX(MA_INDIVIDUALES!C$2:C923, MATCH($A14,MA_INDIVIDUALES!$B$2:$B923,0),1),"CÓDIGO DE EXPEDIENTE INVÁLIDO"))} -> CÓDIGO DE EXPEDIENTE INVÁLIDO | G14: {=IF($A14="","",IFERROR(INDEX(MA_INDIVIDUALES!K$2:K923, MATCH($A14,MA_INDIVIDUALES!$B$2:$B923,0),1),"CÓDIGO DE EXPEDIENTE INVÁLIDO"))} -> CÓDIGO DE EXPEDIENTE INVÁLIDO | H14: {=IF($A14="","",IFERROR(INDEX(MA_INDIVIDUALES!L$2:L923, MATCH($A14,MA_INDIVIDUALES!$B$2:$B923,0),1),"CÓDIGO DE EXPEDIENTE INVÁLIDO"))} -> CÓDIGO DE EXPEDIENTE INVÁLIDO | I14: 0218-2024-DSAP-CAGR | J14: 00078-2025-OEFA/DSAP | K14: 45684 | L14: =IF(A14="","",IF(K14="","",_xlfn.WORKDAY.INTL(K14,5,1,FERIADOS))) -> 45691 | M14: NO | P14: =IF(A14="","",IF(M14="NO","NO PRESENTÓ DESCARGOS",IF(N14="",IF(TODAY()<=L14,"EN PLAZO","VENCIDO"),IF(N14<=L14,"PRESENTADO EN PLAZO","PRESENTADO FUERA DE PLAZO")))) -> NO PRESENTÓ DESCARGOS | U14: SI | Y14: =IF(A14="","",IF(U14="SI","ELABORAR MC",IF(U14="NO","NO AMERITA ELABORAR MC","EN PROCESO"))) -> ELABORAR MC | Z14: =IF(A14="","",IF(AND(AR14=-1,Y14="ELABORAR MC"),"SIN REGISTRO DE ETAPAS",IF(AND(AR14=0,Y14="ELABORAR MC"),"EN PROCESO",IF(AND(AR14=1,Y14="ELABORAR MC",AB14=""),"EN ESPERA DE REGISTRO DE RESOLUCIÓN",IF(AND(AR14=1,Y14="ELABORAR MC",AB14<>""),"TERMINADO",IF(OR(Y14="NO AMERITA MC",Y14="EN PROCESO"),"","")))))) -> SIN REGISTRO DE ETAPAS | AA14: 0218-2024-DSAP-CAGR | AB14: 00009-2026-OEFA/DSAP | AC14: 46080 | AD14: 46080 | AE14: =IF(U14="","",IF(AD14="","",_xlfn.WORKDAY.INTL(AD14,7,1,FERIADOS))) -> 46091 | AF14: 12.96 | AG14: {=IF(A14="","",IF(AF14="","",AF14*INDEX(PARAMETROS!F$2:F1077,MATCH(YEAR(AC14),PARAMETROS!E$2:E1077,0),1)))} -> #N/A | AL14: INCUMPLIDO | AQ14: =IF($A14="","",IF(OR(AB14="",AL14="EN EJECUCIÓN"),"EN PROCESO", IF(AE14="","INDICAR FECHA DE NOTIFICACIÓN",IF(AM14="","NO PAGÓ MULTA",IF(AM14="",IF(TODAY()<=AE14,"EN PLAZO","VENCIDO"),IF(AM14<=AE14,"PAGADO EN PLAZO","PAGADO FUERA DE PLAZO")))))) -> NO PAGÓ MULTA | AR14: {=IF(A14="","",IFERROR(INDEX('2) Etapas'!L$3:L923,MATCH(B14,'2) Etapas'!$A$4:$A923,0),1),-1))} -> -1 | AS14: =IF(A14="","",A14) -> 0223-2022-ACTA 0003-1-CAGR | AT14: =IF(A14="","",IF(AU14="","MULTA EN ELABORACIÓN", "MULTA IMPUESTA")) -> MULTA IMPUESTA | AU14: =IF(OR($A14="",$AB14="", $AC14=""),"", INDEX($AB$4:$AB933,MATCH(CONCATENATE($A14,$AV14),$A$4:$A933&$AC$4:$AC933,0),1)) -> 00009-2026-OEFA/DSAP | AV14: {=IF(OR($A14="",$AB14="", $AC14=""),"",MAXA(IF($A14=$A$4:$A923,$AC$4:$AC923)))} -> 46080
A15: 0223-2022-ACTA 0003-2-CAGR | B15: =IF(A15="","",IF(E15="","INDICAR NÚMERO DE PROYECTO",CONCATENATE("MULTA COERCITIVA - ",E15,"/",F15))) -> MULTA COERCITIVA - 9/CÓDIGO DE EXPEDIENTE INVÁLIDO | C15: PEÑA, AGUSTÍN | D15: =IF(A15="","",IF(AL15<>"","EN ETAPA DE COBRANZA",IF(AH15<>"","EN SEGUIMIENTO DE MULTA",IF(AB15<>"","EN IMPOISICIÓN DE MULTA",IF(Q15<>"","EN ETAPA DE ÁNALISIS DE DESCARGOS",IF(OR(P16="VENCIDO", P16="EN PLAZO"),"EN ETAPA DE DESCARGOS","EN ETAPA DE DESCARGOS")))))) -> EN ETAPA DE COBRANZA | E15: 9 | F15: {=IF($A15="","",IFERROR(INDEX(MA_INDIVIDUALES!C$2:C923, MATCH($A15,MA_INDIVIDUALES!$B$2:$B923,0),1),"CÓDIGO DE EXPEDIENTE INVÁLIDO"))} -> CÓDIGO DE EXPEDIENTE INVÁLIDO | G15: {=IF($A15="","",IFERROR(INDEX(MA_INDIVIDUALES!K$2:K923, MATCH($A15,MA_INDIVIDUALES!$B$2:$B923,0),1),"CÓDIGO DE EXPEDIENTE INVÁLIDO"))} -> CÓDIGO DE EXPEDIENTE INVÁLIDO | H15: {=IF($A15="","",IFERROR(INDEX(MA_INDIVIDUALES!L$2:L923, MATCH($A15,MA_INDIVIDUALES!$B$2:$B923,0),1),"CÓDIGO DE EXPEDIENTE INVÁLIDO"))} -> CÓDIGO DE EXPEDIENTE INVÁLIDO | I15: 0218-2024-DSAP-CAGR | J15: 00078-2025-OEFA/DSAP | K15: 45684 | L15: =IF(A15="","",IF(K15="","",_xlfn.WORKDAY.INTL(K15,5,1,FERIADOS))) -> 45691 | M15: NO | P15: =IF(A15="","",IF(M15="NO","NO PRESENTÓ DESCARGOS",IF(N15="",IF(TODAY()<=L15,"EN PLAZO","VENCIDO"),IF(N15<=L15,"PRESENTADO EN PLAZO","PRESENTADO FUERA DE PLAZO")))) -> NO PRESENTÓ DESCARGOS | U15: SI | Y15: =IF(A15="","",IF(U15="SI","ELABORAR MC",IF(U15="NO","NO AMERITA ELABORAR MC","EN PROCESO"))) -> ELABORAR MC | Z15: =IF(A15="","",IF(AND(AR15=-1,Y15="ELABORAR MC"),"SIN REGISTRO DE ETAPAS",IF(AND(AR15=0,Y15="ELABORAR MC"),"EN PROCESO",IF(AND(AR15=1,Y15="ELABORAR MC",AB15=""),"EN ESPERA DE REGISTRO DE RESOLUCIÓN",IF(AND(AR15=1,Y15="ELABORAR MC",AB15<>""),"TERMINADO",IF(OR(Y15="NO AMERITA MC",Y15="EN PROCESO"),"","")))))) -> SIN REGISTRO DE ETAPAS | AA15: 0218-2024-DSAP-CAGR | AB15: 00009-2026-OEFA/DSAP | AC15: 46080 | AD15: 46080 | AE15: =IF(U15="","",IF(AD15="","",_xlfn.WORKDAY.INTL(AD15,7,1,FERIADOS))) -> 46091 | AF15: 3.2 | AG15: {=IF(A15="","",IF(AF15="","",AF15*INDEX(PARAMETROS!F$2:F1078,MATCH(YEAR(AC15),PARAMETROS!E$2:E1078,0),1)))} -> #N/A | AL15: INCUMPLIDO | AQ15: =IF($A15="","",IF(OR(AB15="",AL15="EN EJECUCIÓN"),"EN PROCESO", IF(AE15="","INDICAR FECHA DE NOTIFICACIÓN",IF(AM15="","NO PAGÓ MULTA",IF(AM15="",IF(TODAY()<=AE15,"EN PLAZO","VENCIDO"),IF(AM15<=AE15,"PAGADO EN PLAZO","PAGADO FUERA DE PLAZO")))))) -> NO PAGÓ MULTA | AR15: {=IF(A15="","",IFERROR(INDEX('2) Etapas'!L$3:L923,MATCH(B15,'2) Etapas'!$A$4:$A923,0),1),-1))} -> -1 | AS15: =IF(A15="","",A15) -> 0223-2022-ACTA 0003-2-CAGR | AT15: =IF(A15="","",IF(AU15="","MULTA EN ELABORACIÓN", "MULTA IMPUESTA")) -> MULTA IMPUESTA | AU15: =IF(OR($A15="",$AB15="", $AC15=""),"", INDEX($AB$4:$AB934,MATCH(CONCATENATE($A15,$AV15),$A$4:$A934&$AC$4:$AC934,0),1)) -> 00009-2026-OEFA/DSAP | AV15: {=IF(OR($A15="",$AB15="", $AC15=""),"",MAXA(IF($A15=$A$4:$A923,$AC$4:$AC923)))} -> 46080
A16: 0223-2022-ACTA 0003-3-CAGR | B16: =IF(A16="","",IF(E16="","INDICAR NÚMERO DE PROYECTO",CONCATENATE("MULTA COERCITIVA - ",E16,"/",F16))) -> MULTA COERCITIVA - 9/CÓDIGO DE EXPEDIENTE INVÁLIDO | C16: PEÑA, AGUSTÍN | D16: =IF(A16="","",IF(AL16<>"","EN ETAPA DE COBRANZA",IF(AH16<>"","EN SEGUIMIENTO DE MULTA",IF(AB16<>"","EN IMPOISICIÓN DE MULTA",IF(Q16<>"","EN ETAPA DE ÁNALISIS DE DESCARGOS",IF(OR(P17="VENCIDO", P17="EN PLAZO"),"EN ETAPA DE DESCARGOS","EN ETAPA DE DESCARGOS")))))) -> EN ETAPA DE COBRANZA | E16: 9 | F16: {=IF($A16="","",IFERROR(INDEX(MA_INDIVIDUALES!C$2:C923, MATCH($A16,MA_INDIVIDUALES!$B$2:$B923,0),1),"CÓDIGO DE EXPEDIENTE INVÁLIDO"))} -> CÓDIGO DE EXPEDIENTE INVÁLIDO | G16: {=IF($A16="","",IFERROR(INDEX(MA_INDIVIDUALES!K$2:K923, MATCH($A16,MA_INDIVIDUALES!$B$2:$B923,0),1),"CÓDIGO DE EXPEDIENTE INVÁLIDO"))} -> CÓDIGO DE EXPEDIENTE INVÁLIDO | H16: {=IF($A16="","",IFERROR(INDEX(MA_INDIVIDUALES!L$2:L923, MATCH($A16,MA_INDIVIDUALES!$B$2:$B923,0),1),"CÓDIGO DE EXPEDIENTE INVÁLIDO"))} -> CÓDIGO DE EXPEDIENTE INVÁLIDO | I16: 0218-2024-DSAP-CAGR | J16: 00078-2025-OEFA/DSAP | K16: 45684 | L16: =IF(A16="","",IF(K16="","",_xlfn.WORKDAY.INTL(K16,5,1,FERIADOS))) -> 45691 | M16: NO | P16: =IF(A16="","",IF(M16="NO","NO PRESENTÓ DESCARGOS",IF(N16="",IF(TODAY()<=L16,"EN PLAZO","VENCIDO"),IF(N16<=L16,"PRESENTADO EN PLAZO","PRESENTADO FUERA DE PLAZO")))) -> NO PRESENTÓ DESCARGOS | U16: SI | Y16: =IF(A16="","",IF(U16="SI","ELABORAR MC",IF(U16="NO","NO AMERITA ELABORAR MC","EN PROCESO"))) -> ELABORAR MC | Z16: =IF(A16="","",IF(AND(AR16=-1,Y16="ELABORAR MC"),"SIN REGISTRO DE ETAPAS",IF(AND(AR16=0,Y16="ELABORAR MC"),"EN PROCESO",IF(AND(AR16=1,Y16="ELABORAR MC",AB16=""),"EN ESPERA DE REGISTRO DE RESOLUCIÓN",IF(AND(AR16=1,Y16="ELABORAR MC",AB16<>""),"TERMINADO",IF(OR(Y16="NO AMERITA MC",Y16="EN PROCESO"),"","")))))) -> SIN REGISTRO DE ETAPAS | AA16: 0218-2024-DSAP-CAGR | AB16: 00009-2026-OEFA/DSAP | AC16: 46080 | AD16: 46080 | AE16: =IF(U16="","",IF(AD16="","",_xlfn.WORKDAY.INTL(AD16,7,1,FERIADOS))) -> 46091 | AF16: 1 | AG16: {=IF(A16="","",IF(AF16="","",AF16*INDEX(PARAMETROS!F$2:F1079,MATCH(YEAR(AC16),PARAMETROS!E$2:E1079,0),1)))} -> #N/A | AL16: INCUMPLIDO | AQ16: =IF($A16="","",IF(OR(AB16="",AL16="EN EJECUCIÓN"),"EN PROCESO", IF(AE16="","INDICAR FECHA DE NOTIFICACIÓN",IF(AM16="","NO PAGÓ MULTA",IF(AM16="",IF(TODAY()<=AE16,"EN PLAZO","VENCIDO"),IF(AM16<=AE16,"PAGADO EN PLAZO","PAGADO FUERA DE PLAZO")))))) -> NO PAGÓ MULTA | AR16: {=IF(A16="","",IFERROR(INDEX('2) Etapas'!L$3:L923,MATCH(B16,'2) Etapas'!$A$4:$A923,0),1),-1))} -> -1 | AS16: =IF(A16="","",A16) -> 0223-2022-ACTA 0003-3-CAGR | AT16: =IF(A16="","",IF(AU16="","MULTA EN ELABORACIÓN", "MULTA IMPUESTA")) -> MULTA IMPUESTA | AU16: =IF(OR($A16="",$AB16="", $AC16=""),"", INDEX($AB$4:$AB935,MATCH(CONCATENATE($A16,$AV16),$A$4:$A935&$AC$4:$AC935,0),1)) -> 00009-2026-OEFA/DSAP | AV16: {=IF(OR($A16="",$AB16="", $AC16=""),"",MAXA(IF($A16=$A$4:$A923,$AC$4:$AC923)))} -> 46080
A17: 0033-2024-0037-2025-1-CAGR | B17: =IF(A17="","",IF(E17="","INDICAR NÚMERO DE PROYECTO",CONCATENATE("MULTA COERCITIVA - ",E17,"/",F17))) -> MULTA COERCITIVA - 10/CÓDIGO DE EXPEDIENTE INVÁLIDO | C17: ASCON, ALEX | D17: =IF(A17="","",IF(AL17<>"","EN ETAPA DE COBRANZA",IF(AH17<>"","EN SEGUIMIENTO DE MULTA",IF(AB17<>"","EN IMPOISICIÓN DE MULTA",IF(Q17<>"","EN ETAPA DE ÁNALISIS DE DESCARGOS",IF(OR(P18="VENCIDO", P18="EN PLAZO"),"EN ETAPA DE DESCARGOS","EN ETAPA DE DESCARGOS")))))) -> EN ETAPA DE COBRANZA | E17: 10 | F17: {=IF($A17="","",IFERROR(INDEX(MA_INDIVIDUALES!C$2:C923, MATCH($A17,MA_INDIVIDUALES!$B$2:$B923,0),1),"CÓDIGO DE EXPEDIENTE INVÁLIDO"))} -> CÓDIGO DE EXPEDIENTE INVÁLIDO | G17: {=IF($A17="","",IFERROR(INDEX(MA_INDIVIDUALES!K$2:K923, MATCH($A17,MA_INDIVIDUALES!$B$2:$B923,0),1),"CÓDIGO DE EXPEDIENTE INVÁLIDO"))} -> CÓDIGO DE EXPEDIENTE INVÁLIDO | H17: {=IF($A17="","",IFERROR(INDEX(MA_INDIVIDUALES!L$2:L923, MATCH($A17,MA_INDIVIDUALES!$B$2:$B923,0),1),"CÓDIGO DE EXPEDIENTE INVÁLIDO"))} -> CÓDIGO DE EXPEDIENTE INVÁLIDO | I17: 0033-2024-DSAP-CAGR | J17: 00041-2026-OEFA/DSAP | K17: 46056 | L17: =IF(A17="","",IF(K17="","",_xlfn.WORKDAY.INTL(K17,5,1,FERIADOS))) -> 46063 | M17: NO | P17: =IF(A17="","",IF(M17="NO","NO PRESENTÓ DESCARGOS",IF(N17="",IF(TODAY()<=L17,"EN PLAZO","VENCIDO"),IF(N17<=L17,"PRESENTADO EN PLAZO","PRESENTADO FUERA DE PLAZO")))) -> NO PRESENTÓ DESCARGOS | U17: SI | Y17: =IF(A17="","",IF(U17="SI","ELABORAR MC",IF(U17="NO","NO AMERITA ELABORAR MC","EN PROCESO"))) -> ELABORAR MC | Z17: =IF(A17="","",IF(AND(AR17=-1,Y17="ELABORAR MC"),"SIN REGISTRO DE ETAPAS",IF(AND(AR17=0,Y17="ELABORAR MC"),"EN PROCESO",IF(AND(AR17=1,Y17="ELABORAR MC",AB17=""),"EN ESPERA DE REGISTRO DE RESOLUCIÓN",IF(AND(AR17=1,Y17="ELABORAR MC",AB17<>""),"TERMINADO",IF(OR(Y17="NO AMERITA MC",Y17="EN PROCESO"),"","")))))) -> SIN REGISTRO DE ETAPAS | AA17: 0033-2024-DSAP-CAGR | AB17: 00010-2026-OEFA/DSAP | AC17: 46087 | AD17: 46090 | AE17: =IF(U17="","",IF(AD17="","",_xlfn.WORKDAY.INTL(AD17,7,1,FERIADOS))) -> 46099 | AF17: 2.75 | AG17: {=IF(A17="","",IF(AF17="","",AF17*INDEX(PARAMETROS!F$2:F1080,MATCH(YEAR(AC17),PARAMETROS!E$2:E1080,0),1)))} -> #N/A | AL17: INCUMPLIDO | AN17: 00850-2026-OEFA/DSAP | AO17: 46139 | AP17: 2026-I01-014643 | AQ17: =IF($A17="","",IF(OR(AB17="",AL17="EN EJECUCIÓN"),"EN PROCESO", IF(AE17="","INDICAR FECHA DE NOTIFICACIÓN",IF(AM17="","NO PAGÓ MULTA",IF(AM17="",IF(TODAY()<=AE17,"EN PLAZO","VENCIDO"),IF(AM17<=AE17,"PAGADO EN PLAZO","PAGADO FUERA DE PLAZO")))))) -> NO PAGÓ MULTA | AR17: {=IF(A17="","",IFERROR(INDEX('2) Etapas'!L$3:L923,MATCH(B17,'2) Etapas'!$A$4:$A923,0),1),-1))} -> -1 | AS17: =IF(A17="","",A17) -> 0033-2024-0037-2025-1-CAGR | AT17: =IF(A17="","",IF(AU17="","MULTA EN ELABORACIÓN", "MULTA IMPUESTA")) -> MULTA IMPUESTA | AU17: =IF(OR($A17="",$AB17="", $AC17=""),"", INDEX($AB$4:$AB936,MATCH(CONCATENATE($A17,$AV17),$A$4:$A936&$AC$4:$AC936,0),1)) -> 00010-2026-OEFA/DSAP | AV17: {=IF(OR($A17="",$AB17="", $AC17=""),"",MAXA(IF($A17=$A$4:$A923,$AC$4:$AC923)))} -> 46087
A18: 0033-2024-0037-2025-2-CAGR | B18: =IF(A18="","",IF(E18="","INDICAR NÚMERO DE PROYECTO",CONCATENATE("MULTA COERCITIVA - ",E18,"/",F18))) -> MULTA COERCITIVA - 10/CÓDIGO DE EXPEDIENTE INVÁLIDO | C18: ASCON, ALEX | D18: =IF(A18="","",IF(AL18<>"","EN ETAPA DE COBRANZA",IF(AH18<>"","EN SEGUIMIENTO DE MULTA",IF(AB18<>"","EN IMPOISICIÓN DE MULTA",IF(Q18<>"","EN ETAPA DE ÁNALISIS DE DESCARGOS",IF(OR(P19="VENCIDO", P19="EN PLAZO"),"EN ETAPA DE DESCARGOS","EN ETAPA DE DESCARGOS")))))) -> EN ETAPA DE COBRANZA | E18: 10 | F18: {=IF($A18="","",IFERROR(INDEX(MA_INDIVIDUALES!C$2:C923, MATCH($A18,MA_INDIVIDUALES!$B$2:$B923,0),1),"CÓDIGO DE EXPEDIENTE INVÁLIDO"))} -> CÓDIGO DE EXPEDIENTE INVÁLIDO | G18: {=IF($A18="","",IFERROR(INDEX(MA_INDIVIDUALES!K$2:K923, MATCH($A18,MA_INDIVIDUALES!$B$2:$B923,0),1),"CÓDIGO DE EXPEDIENTE INVÁLIDO"))} -> CÓDIGO DE EXPEDIENTE INVÁLIDO | H18: {=IF($A18="","",IFERROR(INDEX(MA_INDIVIDUALES!L$2:L923, MATCH($A18,MA_INDIVIDUALES!$B$2:$B923,0),1),"CÓDIGO DE EXPEDIENTE INVÁLIDO"))} -> CÓDIGO DE EXPEDIENTE INVÁLIDO | I18: 0033-2024-DSAP-CAGR | J18: 00041-2026-OEFA/DSAP | K18: 46056 | L18: =IF(A18="","",IF(K18="","",_xlfn.WORKDAY.INTL(K18,5,1,FERIADOS))) -> 46063 | M18: NO | P18: =IF(A18="","",IF(M18="NO","NO PRESENTÓ DESCARGOS",IF(N18="",IF(TODAY()<=L18,"EN PLAZO","VENCIDO"),IF(N18<=L18,"PRESENTADO EN PLAZO","PRESENTADO FUERA DE PLAZO")))) -> NO PRESENTÓ DESCARGOS | U18: SI | Y18: =IF(A18="","",IF(U18="SI","ELABORAR MC",IF(U18="NO","NO AMERITA ELABORAR MC","EN PROCESO"))) -> ELABORAR MC | Z18: =IF(A18="","",IF(AND(AR18=-1,Y18="ELABORAR MC"),"SIN REGISTRO DE ETAPAS",IF(AND(AR18=0,Y18="ELABORAR MC"),"EN PROCESO",IF(AND(AR18=1,Y18="ELABORAR MC",AB18=""),"EN ESPERA DE REGISTRO DE RESOLUCIÓN",IF(AND(AR18=1,Y18="ELABORAR MC",AB18<>""),"TERMINADO",IF(OR(Y18="NO AMERITA MC",Y18="EN PROCESO"),"","")))))) -> SIN REGISTRO DE ETAPAS | AA18: 0033-2024-DSAP-CAGR | AB18: 00010-2026-OEFA/DSAP | AC18: 46087 | AD18: 46090 | AE18: =IF(U18="","",IF(AD18="","",_xlfn.WORKDAY.INTL(AD18,7,1,FERIADOS))) -> 46099 | AF18: 2.75 | AG18: {=IF(A18="","",IF(AF18="","",AF18*INDEX(PARAMETROS!F$2:F1081,MATCH(YEAR(AC18),PARAMETROS!E$2:E1081,0),1)))} -> #N/A | AL18: INCUMPLIDO | AN18: 00850-2026-OEFA/DSAP | AO18: 46139 | AP18: 2026-I01-014643 | AQ18: =IF($A18="","",IF(OR(AB18="",AL18="EN EJECUCIÓN"),"EN PROCESO", IF(AE18="","INDICAR FECHA DE NOTIFICACIÓN",IF(AM18="","NO PAGÓ MULTA",IF(AM18="",IF(TODAY()<=AE18,"EN PLAZO","VENCIDO"),IF(AM18<=AE18,"PAGADO EN PLAZO","PAGADO FUERA DE PLAZO")))))) -> NO PAGÓ MULTA | AR18: {=IF(A18="","",IFERROR(INDEX('2) Etapas'!L$3:L923,MATCH(B18,'2) Etapas'!$A$4:$A923,0),1),-1))} -> -1 | AS18: =IF(A18="","",A18) -> 0033-2024-0037-2025-2-CAGR | AT18: =IF(A18="","",IF(AU18="","MULTA EN ELABORACIÓN", "MULTA IMPUESTA")) -> MULTA IMPUESTA | AU18: =IF(OR($A18="",$AB18="", $AC18=""),"", INDEX($AB$4:$AB937,MATCH(CONCATENATE($A18,$AV18),$A$4:$A937&$AC$4:$AC937,0),1)) -> 00010-2026-OEFA/DSAP | AV18: {=IF(OR($A18="",$AB18="", $AC18=""),"",MAXA(IF($A18=$A$4:$A923,$AC$4:$AC923)))} -> 46087
A19: 0184-2024-0019-2025-1-CAGR | B19: =IF(A19="","",IF(E19="","INDICAR NÚMERO DE PROYECTO",CONCATENATE("MULTA COERCITIVA - ",E19,"/",F19))) -> MULTA COERCITIVA - 11/CÓDIGO DE EXPEDIENTE INVÁLIDO | C19: CORCUERA, ALDO | D19: =IF(A19="","",IF(AL19<>"","EN ETAPA DE COBRANZA",IF(AH19<>"","EN SEGUIMIENTO DE MULTA",IF(AB19<>"","EN IMPOISICIÓN DE MULTA",IF(Q19<>"","EN ETAPA DE ÁNALISIS DE DESCARGOS",IF(OR(P20="VENCIDO", P20="EN PLAZO"),"EN ETAPA DE DESCARGOS","EN ETAPA DE DESCARGOS")))))) -> EN ETAPA DE COBRANZA | E19: 11 | F19: {=IF($A19="","",IFERROR(INDEX(MA_INDIVIDUALES!C$2:C923, MATCH($A19,MA_INDIVIDUALES!$B$2:$B923,0),1),"CÓDIGO DE EXPEDIENTE INVÁLIDO"))} -> CÓDIGO DE EXPEDIENTE INVÁLIDO | G19: {=IF($A19="","",IFERROR(INDEX(MA_INDIVIDUALES!K$2:K923, MATCH($A19,MA_INDIVIDUALES!$B$2:$B923,0),1),"CÓDIGO DE EXPEDIENTE INVÁLIDO"))} -> CÓDIGO DE EXPEDIENTE INVÁLIDO | H19: {=IF($A19="","",IFERROR(INDEX(MA_INDIVIDUALES!L$2:L923, MATCH($A19,MA_INDIVIDUALES!$B$2:$B923,0),1),"CÓDIGO DE EXPEDIENTE INVÁLIDO"))} -> CÓDIGO DE EXPEDIENTE INVÁLIDO | I19: 0180-2025-DSAP-CAGR | J19: 00539-2026-OEFA/DSAP | K19: 46182 | L19: =IF(A19="","",IF(K19="","",_xlfn.WORKDAY.INTL(K19,5,1,FERIADOS))) -> 46189 | M19: NO | P19: =IF(A19="","",IF(M19="NO","NO PRESENTÓ DESCARGOS",IF(N19="",IF(TODAY()<=L19,"EN PLAZO","VENCIDO"),IF(N19<=L19,"PRESENTADO EN PLAZO","PRESENTADO FUERA DE PLAZO")))) -> NO PRESENTÓ DESCARGOS | U19: SI | Y19: =IF(A19="","",IF(U19="SI","ELABORAR MC",IF(U19="NO","NO AMERITA ELABORAR MC","EN PROCESO"))) -> ELABORAR MC | Z19: =IF(A19="","",IF(AND(AR19=-1,Y19="ELABORAR MC"),"SIN REGISTRO DE ETAPAS",IF(AND(AR19=0,Y19="ELABORAR MC"),"EN PROCESO",IF(AND(AR19=1,Y19="ELABORAR MC",AB19=""),"EN ESPERA DE REGISTRO DE RESOLUCIÓN",IF(AND(AR19=1,Y19="ELABORAR MC",AB19<>""),"TERMINADO",IF(OR(Y19="NO AMERITA MC",Y19="EN PROCESO"),"","")))))) -> SIN REGISTRO DE ETAPAS | AA19: 0180-2025-DSAP-CAGR | AB19: 0016-2026-OEFA/DSAP | AC19: 46203 | AD19: 46203 | AE19: =IF(U19="","",IF(AD19="","",_xlfn.WORKDAY.INTL(AD19,7,1,FERIADOS))) -> 46212 | AF19: 5.425 | AG19: {=IF(A19="","",IF(AF19="","",AF19*INDEX(PARAMETROS!F$2:F1082,MATCH(YEAR(AC19),PARAMETROS!E$2:E1082,0),1)))} -> #N/A | AL19: EN EJECUCIÓN | AQ19: =IF($A19="","",IF(OR(AB19="",AL19="EN EJECUCIÓN"),"EN PROCESO", IF(AE19="","INDICAR FECHA DE NOTIFICACIÓN",IF(AM19="","NO PAGÓ MULTA",IF(AM19="",IF(TODAY()<=AE19,"EN PLAZO","VENCIDO"),IF(AM19<=AE19,"PAGADO EN PLAZO","PAGADO FUERA DE PLAZO")))))) -> EN PROCESO | AR19: {=IF(A19="","",IFERROR(INDEX('2) Etapas'!L$3:L923,MATCH(B19,'2) Etapas'!$A$4:$A923,0),1),-1))} -> -1 | AS19: =IF(A19="","",A19) -> 0184-2024-0019-2025-1-CAGR | AT19: =IF(A19="","",IF(AU19="","MULTA EN ELABORACIÓN", "MULTA IMPUESTA")) -> MULTA IMPUESTA | AU19: =IF(OR($A19="",$AB19="", $AC19=""),"", INDEX($AB$4:$AB938,MATCH(CONCATENATE($A19,$AV19),$A$4:$A938&$AC$4:$AC938,0),1)) -> 0016-2026-OEFA/DSAP | AV19: {=IF(OR($A19="",$AB19="", $AC19=""),"",MAXA(IF($A19=$A$4:$A923,$AC$4:$AC923)))} -> 46203
B20: =IF(A20="","",IF(E20="","INDICAR NÚMERO DE PROYECTO",CONCATENATE("MULTA COERCITIVA - ",E20,"/",F20))) | D20: =IF(A20="","",IF(AL20<>"","EN ETAPA DE COBRANZA",IF(AH20<>"","EN SEGUIMIENTO DE MULTA",IF(AB20<>"","EN IMPOISICIÓN DE MULTA",IF(Q20<>"","EN ETAPA DE ÁNALISIS DE DESCARGOS",IF(OR(P21="VENCIDO", P21="EN PLAZO"),"EN ETAPA DE DESCARGOS","EN ETAPA DE DESCARGOS")))))) | F20: {=IF($A20="","",IFERROR(INDEX(MA_INDIVIDUALES!C$2:C923, MATCH($A20,MA_INDIVIDUALES!$B$2:$B923,0),1),"CÓDIGO DE EXPEDIENTE INVÁLIDO"))} | G20: {=IF($A20="","",IFERROR(INDEX(MA_INDIVIDUALES!K$2:K923, MATCH($A20,MA_INDIVIDUALES!$B$2:$B923,0),1),"CÓDIGO DE EXPEDIENTE INVÁLIDO"))} | H20: {=IF($A20="","",IFERROR(INDEX(MA_INDIVIDUALES!L$2:L923, MATCH($A20,MA_INDIVIDUALES!$B$2:$B923,0),1),"CÓDIGO DE EXPEDIENTE INVÁLIDO"))} | L20: =IF(A20="","",IF(K20="","",_xlfn.WORKDAY.INTL(K20,5,1,FERIADOS))) | P20: =IF(A20="","",IF(M20="NO","NO PRESENTÓ DESCARGOS",IF(N20="",IF(TODAY()<=L20,"EN PLAZO","VENCIDO"),IF(N20<=L20,"PRESENTADO EN PLAZO","PRESENTADO FUERA DE PLAZO")))) | Y20: =IF(A20="","",IF(U20="SI","ELABORAR MC",IF(U20="NO","NO AMERITA ELABORAR MC","EN PROCESO"))) | Z20: =IF(A20="","",IF(AND(AR20=-1,Y20="ELABORAR MC"),"SIN REGISTRO DE ETAPAS",IF(AND(AR20=0,Y20="ELABORAR MC"),"EN PROCESO",IF(AND(AR20=1,Y20="ELABORAR MC",AB20=""),"EN ESPERA DE REGISTRO DE RESOLUCIÓN",IF(AND(AR20=1,Y20="ELABORAR MC",AB20<>""),"TERMINADO",IF(OR(Y20="NO AMERITA MC",Y20="EN PROCESO"),"","")))))) | AE20: =IF(U20="","",IF(AD20="","",_xlfn.WORKDAY.INTL(AD20,7,1,FERIADOS))) | AG20: {=IF(A20="","",IF(AF20="","",AF20*INDEX(PARAMETROS!F$2:F1083,MATCH(YEAR(AC20),PARAMETROS!E$2:E1083,0),1)))} | AQ20: =IF($A20="","",IF(OR(AB20="",AL20="EN EJECUCIÓN"),"EN PROCESO", IF(AE20="","INDICAR FECHA DE NOTIFICACIÓN",IF(AM20="","NO PAGÓ MULTA",IF(AM20="",IF(TODAY()<=AE20,"EN PLAZO","VENCIDO"),IF(AM20<=AE20,"PAGADO EN PLAZO","PAGADO FUERA DE PLAZO")))))) | AR20: {=IF(A20="","",IFERROR(INDEX('2) Etapas'!L$3:L923,MATCH(B20,'2) Etapas'!$A$4:$A923,0),1),-1))} | AS20: =IF(A20="","",A20) | AT20: =IF(A20="","",IF(AU20="","MULTA EN ELABORACIÓN", "MULTA IMPUESTA")) | AU20: =IF(OR($A20="",$AB20="", $AC20=""),"", INDEX($AB$4:$AB939,MATCH(CONCATENATE($A20,$AV20),$A$4:$A939&$AC$4:$AC939,0),1)) | AV20: {=IF(OR($A20="",$AB20="", $AC20=""),"",MAXA(IF($A20=$A$4:$A923,$AC$4:$AC923)))}
B21: =IF(A21="","",IF(E21="","INDICAR NÚMERO DE PROYECTO",CONCATENATE("MULTA COERCITIVA - ",E21,"/",F21))) | D21: =IF(A21="","",IF(AL21<>"","EN ETAPA DE COBRANZA",IF(AH21<>"","EN SEGUIMIENTO DE MULTA",IF(AB21<>"","EN IMPOISICIÓN DE MULTA",IF(Q21<>"","EN ETAPA DE ÁNALISIS DE DESCARGOS",IF(OR(P22="VENCIDO", P22="EN PLAZO"),"EN ETAPA DE DESCARGOS","EN ETAPA DE DESCARGOS")))))) | F21: {=IF($A21="","",IFERROR(INDEX(MA_INDIVIDUALES!C$2:C923, MATCH($A21,MA_INDIVIDUALES!$B$2:$B923,0),1),"CÓDIGO DE EXPEDIENTE INVÁLIDO"))} | G21: {=IF($A21="","",IFERROR(INDEX(MA_INDIVIDUALES!K$2:K923, MATCH($A21,MA_INDIVIDUALES!$B$2:$B923,0),1),"CÓDIGO DE EXPEDIENTE INVÁLIDO"))} | H21: {=IF($A21="","",IFERROR(INDEX(MA_INDIVIDUALES!L$2:L923, MATCH($A21,MA_INDIVIDUALES!$B$2:$B923,0),1),"CÓDIGO DE EXPEDIENTE INVÁLIDO"))} | L21: =IF(A21="","",IF(K21="","",_xlfn.WORKDAY.INTL(K21,5,1,FERIADOS))) | P21: =IF(A21="","",IF(M21="NO","NO PRESENTÓ DESCARGOS",IF(N21="",IF(TODAY()<=L21,"EN PLAZO","VENCIDO"),IF(N21<=L21,"PRESENTADO EN PLAZO","PRESENTADO FUERA DE PLAZO")))) | Y21: =IF(A21="","",IF(U21="SI","ELABORAR MC",IF(U21="NO","NO AMERITA ELABORAR MC","EN PROCESO"))) | Z21: =IF(A21="","",IF(AND(AR21=-1,Y21="ELABORAR MC"),"SIN REGISTRO DE ETAPAS",IF(AND(AR21=0,Y21="ELABORAR MC"),"EN PROCESO",IF(AND(AR21=1,Y21="ELABORAR MC",AB21=""),"EN ESPERA DE REGISTRO DE RESOLUCIÓN",IF(AND(AR21=1,Y21="ELABORAR MC",AB21<>""),"TERMINADO",IF(OR(Y21="NO AMERITA MC",Y21="EN PROCESO"),"","")))))) | AE21: =IF(U21="","",IF(AD21="","",_xlfn.WORKDAY.INTL(AD21,7,1,FERIADOS))) | AG21: {=IF(A21="","",IF(AF21="","",AF21*INDEX(PARAMETROS!F$2:F1084,MATCH(YEAR(AC21),PARAMETROS!E$2:E1084,0),1)))} | AQ21: =IF($A21="","",IF(OR(AB21="",AL21="EN EJECUCIÓN"),"EN PROCESO", IF(AE21="","INDICAR FECHA DE NOTIFICACIÓN",IF(AM21="","NO PAGÓ MULTA",IF(AM21="",IF(TODAY()<=AE21,"EN PLAZO","VENCIDO"),IF(AM21<=AE21,"PAGADO EN PLAZO","PAGADO FUERA DE PLAZO")))))) | AR21: {=IF(A21="","",IFERROR(INDEX('2) Etapas'!L$3:L923,MATCH(B21,'2) Etapas'!$A$4:$A923,0),1),-1))} | AS21: =IF(A21="","",A21) | AT21: =IF(A21="","",IF(AU21="","MULTA EN ELABORACIÓN", "MULTA IMPUESTA")) | AU21: =IF(OR($A21="",$AB21="", $AC21=""),"", INDEX($AB$4:$AB940,MATCH(CONCATENATE($A21,$AV21),$A$4:$A940&$AC$4:$AC940,0),1)) | AV21: {=IF(OR($A21="",$AB21="", $AC21=""),"",MAXA(IF($A21=$A$4:$A923,$AC$4:$AC923)))}
B22: =IF(A22="","",IF(E22="","INDICAR NÚMERO DE PROYECTO",CONCATENATE("MULTA COERCITIVA - ",E22,"/",F22))) | D22: =IF(A22="","",IF(AL22<>"","EN ETAPA DE COBRANZA",IF(AH22<>"","EN SEGUIMIENTO DE MULTA",IF(AB22<>"","EN IMPOISICIÓN DE MULTA",IF(Q22<>"","EN ETAPA DE ÁNALISIS DE DESCARGOS",IF(OR(P23="VENCIDO", P23="EN PLAZO"),"EN ETAPA DE DESCARGOS","EN ETAPA DE DESCARGOS")))))) | F22: {=IF($A22="","",IFERROR(INDEX(MA_INDIVIDUALES!C$2:C923, MATCH($A22,MA_INDIVIDUALES!$B$2:$B923,0),1),"CÓDIGO DE EXPEDIENTE INVÁLIDO"))} | G22: {=IF($A22="","",IFERROR(INDEX(MA_INDIVIDUALES!K$2:K923, MATCH($A22,MA_INDIVIDUALES!$B$2:$B923,0),1),"CÓDIGO DE EXPEDIENTE INVÁLIDO"))} | H22: {=IF($A22="","",IFERROR(INDEX(MA_INDIVIDUALES!L$2:L923, MATCH($A22,MA_INDIVIDUALES!$B$2:$B923,0),1),"CÓDIGO DE EXPEDIENTE INVÁLIDO"))} | L22: =IF(A22="","",IF(K22="","",_xlfn.WORKDAY.INTL(K22,5,1,FERIADOS))) | P22: =IF(A22="","",IF(M22="NO","NO PRESENTÓ DESCARGOS",IF(N22="",IF(TODAY()<=L22,"EN PLAZO","VENCIDO"),IF(N22<=L22,"PRESENTADO EN PLAZO","PRESENTADO FUERA DE PLAZO")))) | Y22: =IF(A22="","",IF(U22="SI","ELABORAR MC",IF(U22="NO","NO AMERITA ELABORAR MC","EN PROCESO"))) | Z22: =IF(A22="","",IF(AND(AR22=-1,Y22="ELABORAR MC"),"SIN REGISTRO DE ETAPAS",IF(AND(AR22=0,Y22="ELABORAR MC"),"EN PROCESO",IF(AND(AR22=1,Y22="ELABORAR MC",AB22=""),"EN ESPERA DE REGISTRO DE RESOLUCIÓN",IF(AND(AR22=1,Y22="ELABORAR MC",AB22<>""),"TERMINADO",IF(OR(Y22="NO AMERITA MC",Y22="EN PROCESO"),"","")))))) | AE22: =IF(U22="","",IF(AD22="","",_xlfn.WORKDAY.INTL(AD22,7,1,FERIADOS))) | AG22: {=IF(A22="","",IF(AF22="","",AF22*INDEX(PARAMETROS!F$2:F1085,MATCH(YEAR(AC22),PARAMETROS!E$2:E1085,0),1)))} | AQ22: =IF($A22="","",IF(OR(AB22="",AL22="EN EJECUCIÓN"),"EN PROCESO", IF(AE22="","INDICAR FECHA DE NOTIFICACIÓN",IF(AM22="","NO PAGÓ MULTA",IF(AM22="",IF(TODAY()<=AE22,"EN PLAZO","VENCIDO"),IF(AM22<=AE22,"PAGADO EN PLAZO","PAGADO FUERA DE PLAZO")))))) | AR22: {=IF(A22="","",IFERROR(INDEX('2) Etapas'!L$3:L923,MATCH(B22,'2) Etapas'!$A$4:$A923,0),1),-1))} | AS22: =IF(A22="","",A22) | AT22: =IF(A22="","",IF(AU22="","MULTA EN ELABORACIÓN", "MULTA IMPUESTA")) | AU22: =IF(OR($A22="",$AB22="", $AC22=""),"", INDEX($AB$4:$AB941,MATCH(CONCATENATE($A22,$AV22),$A$4:$A941&$AC$4:$AC941,0),1)) | AV22: {=IF(OR($A22="",$AB22="", $AC22=""),"",MAXA(IF($A22=$A$4:$A923,$AC$4:$AC923)))}
B23: =IF(A23="","",IF(E23="","INDICAR NÚMERO DE PROYECTO",CONCATENATE("MULTA COERCITIVA - ",E23,"/",F23))) | D23: =IF(A23="","",IF(AL23<>"","EN ETAPA DE COBRANZA",IF(AH23<>"","EN SEGUIMIENTO DE MULTA",IF(AB23<>"","EN IMPOISICIÓN DE MULTA",IF(Q23<>"","EN ETAPA DE ÁNALISIS DE DESCARGOS",IF(OR(P24="VENCIDO", P24="EN PLAZO"),"EN ETAPA DE DESCARGOS","EN ETAPA DE DESCARGOS")))))) | F23: {=IF($A23="","",IFERROR(INDEX(MA_INDIVIDUALES!C$2:C923, MATCH($A23,MA_INDIVIDUALES!$B$2:$B923,0),1),"CÓDIGO DE EXPEDIENTE INVÁLIDO"))} | G23: {=IF($A23="","",IFERROR(INDEX(MA_INDIVIDUALES!K$2:K923, MATCH($A23,MA_INDIVIDUALES!$B$2:$B923,0),1),"CÓDIGO DE EXPEDIENTE INVÁLIDO"))} | H23: {=IF($A23="","",IFERROR(INDEX(MA_INDIVIDUALES!L$2:L923, MATCH($A23,MA_INDIVIDUALES!$B$2:$B923,0),1),"CÓDIGO DE EXPEDIENTE INVÁLIDO"))} | L23: =IF(A23="","",IF(K23="","",_xlfn.WORKDAY.INTL(K23,5,1,FERIADOS))) | P23: =IF(A23="","",IF(M23="NO","NO PRESENTÓ DESCARGOS",IF(N23="",IF(TODAY()<=L23,"EN PLAZO","VENCIDO"),IF(N23<=L23,"PRESENTADO EN PLAZO","PRESENTADO FUERA DE PLAZO")))) | Y23: =IF(A23="","",IF(U23="SI","ELABORAR MC",IF(U23="NO","NO AMERITA ELABORAR MC","EN PROCESO"))) | Z23: =IF(A23="","",IF(AND(AR23=-1,Y23="ELABORAR MC"),"SIN REGISTRO DE ETAPAS",IF(AND(AR23=0,Y23="ELABORAR MC"),"EN PROCESO",IF(AND(AR23=1,Y23="ELABORAR MC",AB23=""),"EN ESPERA DE REGISTRO DE RESOLUCIÓN",IF(AND(AR23=1,Y23="ELABORAR MC",AB23<>""),"TERMINADO",IF(OR(Y23="NO AMERITA MC",Y23="EN PROCESO"),"","")))))) | AE23: =IF(U23="","",IF(AD23="","",_xlfn.WORKDAY.INTL(AD23,7,1,FERIADOS))) | AG23: {=IF(A23="","",IF(AF23="","",AF23*INDEX(PARAMETROS!F$2:F1086,MATCH(YEAR(AC23),PARAMETROS!E$2:E1086,0),1)))} | AQ23: =IF($A23="","",IF(OR(AB23="",AL23="EN EJECUCIÓN"),"EN PROCESO", IF(AE23="","INDICAR FECHA DE NOTIFICACIÓN",IF(AM23="","NO PAGÓ MULTA",IF(AM23="",IF(TODAY()<=AE23,"EN PLAZO","VENCIDO"),IF(AM23<=AE23,"PAGADO EN PLAZO","PAGADO FUERA DE PLAZO")))))) | AR23: {=IF(A23="","",IFERROR(INDEX('2) Etapas'!L$3:L923,MATCH(B23,'2) Etapas'!$A$4:$A923,0),1),-1))} | AS23: =IF(A23="","",A23) | AT23: =IF(A23="","",IF(AU23="","MULTA EN ELABORACIÓN", "MULTA IMPUESTA")) | AU23: =IF(OR($A23="",$AB23="", $AC23=""),"", INDEX($AB$4:$AB942,MATCH(CONCATENATE($A23,$AV23),$A$4:$A942&$AC$4:$AC942,0),1)) | AV23: {=IF(OR($A23="",$AB23="", $AC23=""),"",MAXA(IF($A23=$A$4:$A923,$AC$4:$AC923)))}
B24: =IF(A24="","",IF(E24="","INDICAR NÚMERO DE PROYECTO",CONCATENATE("MULTA COERCITIVA - ",E24,"/",F24))) | D24: =IF(A24="","",IF(AL24<>"","EN ETAPA DE COBRANZA",IF(AH24<>"","EN SEGUIMIENTO DE MULTA",IF(AB24<>"","EN IMPOISICIÓN DE MULTA",IF(Q24<>"","EN ETAPA DE ÁNALISIS DE DESCARGOS",IF(OR(P25="VENCIDO", P25="EN PLAZO"),"EN ETAPA DE DESCARGOS","EN ETAPA DE DESCARGOS")))))) | F24: {=IF($A24="","",IFERROR(INDEX(MA_INDIVIDUALES!C$2:C923, MATCH($A24,MA_INDIVIDUALES!$B$2:$B923,0),1),"CÓDIGO DE EXPEDIENTE INVÁLIDO"))} | G24: {=IF($A24="","",IFERROR(INDEX(MA_INDIVIDUALES!K$2:K923, MATCH($A24,MA_INDIVIDUALES!$B$2:$B923,0),1),"CÓDIGO DE EXPEDIENTE INVÁLIDO"))} | H24: {=IF($A24="","",IFERROR(INDEX(MA_INDIVIDUALES!L$2:L923, MATCH($A24,MA_INDIVIDUALES!$B$2:$B923,0),1),"CÓDIGO DE EXPEDIENTE INVÁLIDO"))} | L24: =IF(A24="","",IF(K24="","",_xlfn.WORKDAY.INTL(K24,5,1,FERIADOS))) | P24: =IF(A24="","",IF(M24="NO","NO PRESENTÓ DESCARGOS",IF(N24="",IF(TODAY()<=L24,"EN PLAZO","VENCIDO"),IF(N24<=L24,"PRESENTADO EN PLAZO","PRESENTADO FUERA DE PLAZO")))) | Y24: =IF(A24="","",IF(U24="SI","ELABORAR MC",IF(U24="NO","NO AMERITA ELABORAR MC","EN PROCESO"))) | Z24: =IF(A24="","",IF(AND(AR24=-1,Y24="ELABORAR MC"),"SIN REGISTRO DE ETAPAS",IF(AND(AR24=0,Y24="ELABORAR MC"),"EN PROCESO",IF(AND(AR24=1,Y24="ELABORAR MC",AB24=""),"EN ESPERA DE REGISTRO DE RESOLUCIÓN",IF(AND(AR24=1,Y24="ELABORAR MC",AB24<>""),"TERMINADO",IF(OR(Y24="NO AMERITA MC",Y24="EN PROCESO"),"","")))))) | AE24: =IF(U24="","",IF(AD24="","",_xlfn.WORKDAY.INTL(AD24,7,1,FERIADOS))) | AG24: {=IF(A24="","",IF(AF24="","",AF24*INDEX(PARAMETROS!F$2:F1087,MATCH(YEAR(AC24),PARAMETROS!E$2:E1087,0),1)))} | AQ24: =IF($A24="","",IF(OR(AB24="",AL24="EN EJECUCIÓN"),"EN PROCESO", IF(AE24="","INDICAR FECHA DE NOTIFICACIÓN",IF(AM24="","NO PAGÓ MULTA",IF(AM24="",IF(TODAY()<=AE24,"EN PLAZO","VENCIDO"),IF(AM24<=AE24,"PAGADO EN PLAZO","PAGADO FUERA DE PLAZO")))))) | AR24: {=IF(A24="","",IFERROR(INDEX('2) Etapas'!L$3:L923,MATCH(B24,'2) Etapas'!$A$4:$A923,0),1),-1))} | AS24: =IF(A24="","",A24) | AT24: =IF(A24="","",IF(AU24="","MULTA EN ELABORACIÓN", "MULTA IMPUESTA")) | AU24: =IF(OR($A24="",$AB24="", $AC24=""),"", INDEX($AB$4:$AB943,MATCH(CONCATENATE($A24,$AV24),$A$4:$A943&$AC$4:$AC943,0),1)) | AV24: {=IF(OR($A24="",$AB24="", $AC24=""),"",MAXA(IF($A24=$A$4:$A923,$AC$4:$AC923)))}
B25: =IF(A25="","",IF(E25="","INDICAR NÚMERO DE PROYECTO",CONCATENATE("MULTA COERCITIVA - ",E25,"/",F25))) | D25: =IF(A25="","",IF(AL25<>"","EN ETAPA DE COBRANZA",IF(AH25<>"","EN SEGUIMIENTO DE MULTA",IF(AB25<>"","EN IMPOISICIÓN DE MULTA",IF(Q25<>"","EN ETAPA DE ÁNALISIS DE DESCARGOS",IF(OR(P26="VENCIDO", P26="EN PLAZO"),"EN ETAPA DE DESCARGOS","EN ETAPA DE DESCARGOS")))))) | F25: {=IF($A25="","",IFERROR(INDEX(MA_INDIVIDUALES!C$2:C923, MATCH($A25,MA_INDIVIDUALES!$B$2:$B923,0),1),"CÓDIGO DE EXPEDIENTE INVÁLIDO"))} | G25: {=IF($A25="","",IFERROR(INDEX(MA_INDIVIDUALES!K$2:K923, MATCH($A25,MA_INDIVIDUALES!$B$2:$B923,0),1),"CÓDIGO DE EXPEDIENTE INVÁLIDO"))} | H25: {=IF($A25="","",IFERROR(INDEX(MA_INDIVIDUALES!L$2:L923, MATCH($A25,MA_INDIVIDUALES!$B$2:$B923,0),1),"CÓDIGO DE EXPEDIENTE INVÁLIDO"))} | L25: =IF(A25="","",IF(K25="","",_xlfn.WORKDAY.INTL(K25,5,1,FERIADOS))) | P25: =IF(A25="","",IF(M25="NO","NO PRESENTÓ DESCARGOS",IF(N25="",IF(TODAY()<=L25,"EN PLAZO","VENCIDO"),IF(N25<=L25,"PRESENTADO EN PLAZO","PRESENTADO FUERA DE PLAZO")))) | Y25: =IF(A25="","",IF(U25="SI","ELABORAR MC",IF(U25="NO","NO AMERITA ELABORAR MC","EN PROCESO"))) | Z25: =IF(A25="","",IF(AND(AR25=-1,Y25="ELABORAR MC"),"SIN REGISTRO DE ETAPAS",IF(AND(AR25=0,Y25="ELABORAR MC"),"EN PROCESO",IF(AND(AR25=1,Y25="ELABORAR MC",AB25=""),"EN ESPERA DE REGISTRO DE RESOLUCIÓN",IF(AND(AR25=1,Y25="ELABORAR MC",AB25<>""),"TERMINADO",IF(OR(Y25="NO AMERITA MC",Y25="EN PROCESO"),"","")))))) | AE25: =IF(U25="","",IF(AD25="","",_xlfn.WORKDAY.INTL(AD25,7,1,FERIADOS))) | AG25: {=IF(A25="","",IF(AF25="","",AF25*INDEX(PARAMETROS!F$2:F1088,MATCH(YEAR(AC25),PARAMETROS!E$2:E1088,0),1)))} | AQ25: =IF($A25="","",IF(OR(AB25="",AL25="EN EJECUCIÓN"),"EN PROCESO", IF(AE25="","INDICAR FECHA DE NOTIFICACIÓN",IF(AM25="","NO PAGÓ MULTA",IF(AM25="",IF(TODAY()<=AE25,"EN PLAZO","VENCIDO"),IF(AM25<=AE25,"PAGADO EN PLAZO","PAGADO FUERA DE PLAZO")))))) | AR25: {=IF(A25="","",IFERROR(INDEX('2) Etapas'!L$3:L923,MATCH(B25,'2) Etapas'!$A$4:$A923,0),1),-1))} | AS25: =IF(A25="","",A25) | AT25: =IF(A25="","",IF(AU25="","MULTA EN ELABORACIÓN", "MULTA IMPUESTA")) | AU25: =IF(OR($A25="",$AB25="", $AC25=""),"", INDEX($AB$4:$AB944,MATCH(CONCATENATE($A25,$AV25),$A$4:$A944&$AC$4:$AC944,0),1)) | AV25: {=IF(OR($A25="",$AB25="", $AC25=""),"",MAXA(IF($A25=$A$4:$A923,$AC$4:$AC923)))}
B26: =IF(A26="","",IF(E26="","INDICAR NÚMERO DE PROYECTO",CONCATENATE("MULTA COERCITIVA - ",E26,"/",F26))) | D26: =IF(A26="","",IF(AL26<>"","EN ETAPA DE COBRANZA",IF(AH26<>"","EN SEGUIMIENTO DE MULTA",IF(AB26<>"","EN IMPOISICIÓN DE MULTA",IF(Q26<>"","EN ETAPA DE ÁNALISIS DE DESCARGOS",IF(OR(P27="VENCIDO", P27="EN PLAZO"),"EN ETAPA DE DESCARGOS","EN ETAPA DE DESCARGOS")))))) | F26: {=IF($A26="","",IFERROR(INDEX(MA_INDIVIDUALES!C$2:C923, MATCH($A26,MA_INDIVIDUALES!$B$2:$B923,0),1),"CÓDIGO DE EXPEDIENTE INVÁLIDO"))} | G26: {=IF($A26="","",IFERROR(INDEX(MA_INDIVIDUALES!K$2:K923, MATCH($A26,MA_INDIVIDUALES!$B$2:$B923,0),1),"CÓDIGO DE EXPEDIENTE INVÁLIDO"))} | H26: {=IF($A26="","",IFERROR(INDEX(MA_INDIVIDUALES!L$2:L923, MATCH($A26,MA_INDIVIDUALES!$B$2:$B923,0),1),"CÓDIGO DE EXPEDIENTE INVÁLIDO"))} | L26: =IF(A26="","",IF(K26="","",_xlfn.WORKDAY.INTL(K26,5,1,FERIADOS))) | P26: =IF(A26="","",IF(M26="NO","NO PRESENTÓ DESCARGOS",IF(N26="",IF(TODAY()<=L26,"EN PLAZO","VENCIDO"),IF(N26<=L26,"PRESENTADO EN PLAZO","PRESENTADO FUERA DE PLAZO")))) | Y26: =IF(A26="","",IF(U26="SI","ELABORAR MC",IF(U26="NO","NO AMERITA ELABORAR MC","EN PROCESO"))) | Z26: =IF(A26="","",IF(AND(AR26=-1,Y26="ELABORAR MC"),"SIN REGISTRO DE ETAPAS",IF(AND(AR26=0,Y26="ELABORAR MC"),"EN PROCESO",IF(AND(AR26=1,Y26="ELABORAR MC",AB26=""),"EN ESPERA DE REGISTRO DE RESOLUCIÓN",IF(AND(AR26=1,Y26="ELABORAR MC",AB26<>""),"TERMINADO",IF(OR(Y26="NO AMERITA MC",Y26="EN PROCESO"),"","")))))) | AE26: =IF(U26="","",IF(AD26="","",_xlfn.WORKDAY.INTL(AD26,7,1,FERIADOS))) | AG26: {=IF(A26="","",IF(AF26="","",AF26*INDEX(PARAMETROS!F$2:F1089,MATCH(YEAR(AC26),PARAMETROS!E$2:E1089,0),1)))} | AQ26: =IF($A26="","",IF(OR(AB26="",AL26="EN EJECUCIÓN"),"EN PROCESO", IF(AE26="","INDICAR FECHA DE NOTIFICACIÓN",IF(AM26="","NO PAGÓ MULTA",IF(AM26="",IF(TODAY()<=AE26,"EN PLAZO","VENCIDO"),IF(AM26<=AE26,"PAGADO EN PLAZO","PAGADO FUERA DE PLAZO")))))) | AR26: {=IF(A26="","",IFERROR(INDEX('2) Etapas'!L$3:L923,MATCH(B26,'2) Etapas'!$A$4:$A923,0),1),-1))} | AS26: =IF(A26="","",A26) | AT26: =IF(A26="","",IF(AU26="","MULTA EN ELABORACIÓN", "MULTA IMPUESTA")) | AU26: =IF(OR($A26="",$AB26="", $AC26=""),"", INDEX($AB$4:$AB945,MATCH(CONCATENATE($A26,$AV26),$A$4:$A945&$AC$4:$AC945,0),1)) | AV26: {=IF(OR($A26="",$AB26="", $AC26=""),"",MAXA(IF($A26=$A$4:$A923,$AC$4:$AC923)))}
B27: =IF(A27="","",IF(E27="","INDICAR NÚMERO DE PROYECTO",CONCATENATE("MULTA COERCITIVA - ",E27,"/",F27))) | D27: =IF(A27="","",IF(AL27<>"","EN ETAPA DE COBRANZA",IF(AH27<>"","EN SEGUIMIENTO DE MULTA",IF(AB27<>"","EN IMPOISICIÓN DE MULTA",IF(Q27<>"","EN ETAPA DE ÁNALISIS DE DESCARGOS",IF(OR(P28="VENCIDO", P28="EN PLAZO"),"EN ETAPA DE DESCARGOS","EN ETAPA DE DESCARGOS")))))) | F27: {=IF($A27="","",IFERROR(INDEX(MA_INDIVIDUALES!C$2:C923, MATCH($A27,MA_INDIVIDUALES!$B$2:$B923,0),1),"CÓDIGO DE EXPEDIENTE INVÁLIDO"))} | G27: {=IF($A27="","",IFERROR(INDEX(MA_INDIVIDUALES!K$2:K923, MATCH($A27,MA_INDIVIDUALES!$B$2:$B923,0),1),"CÓDIGO DE EXPEDIENTE INVÁLIDO"))} | H27: {=IF($A27="","",IFERROR(INDEX(MA_INDIVIDUALES!L$2:L923, MATCH($A27,MA_INDIVIDUALES!$B$2:$B923,0),1),"CÓDIGO DE EXPEDIENTE INVÁLIDO"))} | L27: =IF(A27="","",IF(K27="","",_xlfn.WORKDAY.INTL(K27,5,1,FERIADOS))) | P27: =IF(A27="","",IF(M27="NO","NO PRESENTÓ DESCARGOS",IF(N27="",IF(TODAY()<=L27,"EN PLAZO","VENCIDO"),IF(N27<=L27,"PRESENTADO EN PLAZO","PRESENTADO FUERA DE PLAZO")))) | Y27: =IF(A27="","",IF(U27="SI","ELABORAR MC",IF(U27="NO","NO AMERITA ELABORAR MC","EN PROCESO"))) | Z27: =IF(A27="","",IF(AND(AR27=-1,Y27="ELABORAR MC"),"SIN REGISTRO DE ETAPAS",IF(AND(AR27=0,Y27="ELABORAR MC"),"EN PROCESO",IF(AND(AR27=1,Y27="ELABORAR MC",AB27=""),"EN ESPERA DE REGISTRO DE RESOLUCIÓN",IF(AND(AR27=1,Y27="ELABORAR MC",AB27<>""),"TERMINADO",IF(OR(Y27="NO AMERITA MC",Y27="EN PROCESO"),"","")))))) | AE27: =IF(U27="","",IF(AD27="","",_xlfn.WORKDAY.INTL(AD27,7,1,FERIADOS))) | AG27: {=IF(A27="","",IF(AF27="","",AF27*INDEX(PARAMETROS!F$2:F1090,MATCH(YEAR(AC27),PARAMETROS!E$2:E1090,0),1)))} | AQ27: =IF($A27="","",IF(OR(AB27="",AL27="EN EJECUCIÓN"),"EN PROCESO", IF(AE27="","INDICAR FECHA DE NOTIFICACIÓN",IF(AM27="","NO PAGÓ MULTA",IF(AM27="",IF(TODAY()<=AE27,"EN PLAZO","VENCIDO"),IF(AM27<=AE27,"PAGADO EN PLAZO","PAGADO FUERA DE PLAZO")))))) | AR27: {=IF(A27="","",IFERROR(INDEX('2) Etapas'!L$3:L923,MATCH(B27,'2) Etapas'!$A$4:$A923,0),1),-1))} | AS27: =IF(A27="","",A27) | AT27: =IF(A27="","",IF(AU27="","MULTA EN ELABORACIÓN", "MULTA IMPUESTA")) | AU27: =IF(OR($A27="",$AB27="", $AC27=""),"", INDEX($AB$4:$AB946,MATCH(CONCATENATE($A27,$AV27),$A$4:$A946&$AC$4:$AC946,0),1)) | AV27: {=IF(OR($A27="",$AB27="", $AC27=""),"",MAXA(IF($A27=$A$4:$A923,$AC$4:$AC923)))}
B28: =IF(A28="","",IF(E28="","INDICAR NÚMERO DE PROYECTO",CONCATENATE("MULTA COERCITIVA - ",E28,"/",F28))) | D28: =IF(A28="","",IF(AL28<>"","EN ETAPA DE COBRANZA",IF(AH28<>"","EN SEGUIMIENTO DE MULTA",IF(AB28<>"","EN IMPOISICIÓN DE MULTA",IF(Q28<>"","EN ETAPA DE ÁNALISIS DE DESCARGOS",IF(OR(P29="VENCIDO", P29="EN PLAZO"),"EN ETAPA DE DESCARGOS","EN ETAPA DE DESCARGOS")))))) | F28: {=IF($A28="","",IFERROR(INDEX(MA_INDIVIDUALES!C$2:C923, MATCH($A28,MA_INDIVIDUALES!$B$2:$B923,0),1),"CÓDIGO DE EXPEDIENTE INVÁLIDO"))} | G28: {=IF($A28="","",IFERROR(INDEX(MA_INDIVIDUALES!K$2:K923, MATCH($A28,MA_INDIVIDUALES!$B$2:$B923,0),1),"CÓDIGO DE EXPEDIENTE INVÁLIDO"))} | H28: {=IF($A28="","",IFERROR(INDEX(MA_INDIVIDUALES!L$2:L923, MATCH($A28,MA_INDIVIDUALES!$B$2:$B923,0),1),"CÓDIGO DE EXPEDIENTE INVÁLIDO"))} | L28: =IF(A28="","",IF(K28="","",_xlfn.WORKDAY.INTL(K28,5,1,FERIADOS))) | P28: =IF(A28="","",IF(M28="NO","NO PRESENTÓ DESCARGOS",IF(N28="",IF(TODAY()<=L28,"EN PLAZO","VENCIDO"),IF(N28<=L28,"PRESENTADO EN PLAZO","PRESENTADO FUERA DE PLAZO")))) | Y28: =IF(A28="","",IF(U28="SI","ELABORAR MC",IF(U28="NO","NO AMERITA ELABORAR MC","EN PROCESO"))) | Z28: =IF(A28="","",IF(AND(AR28=-1,Y28="ELABORAR MC"),"SIN REGISTRO DE ETAPAS",IF(AND(AR28=0,Y28="ELABORAR MC"),"EN PROCESO",IF(AND(AR28=1,Y28="ELABORAR MC",AB28=""),"EN ESPERA DE REGISTRO DE RESOLUCIÓN",IF(AND(AR28=1,Y28="ELABORAR MC",AB28<>""),"TERMINADO",IF(OR(Y28="NO AMERITA MC",Y28="EN PROCESO"),"","")))))) | AE28: =IF(U28="","",IF(AD28="","",_xlfn.WORKDAY.INTL(AD28,7,1,FERIADOS))) | AG28: {=IF(A28="","",IF(AF28="","",AF28*INDEX(PARAMETROS!F$2:F1091,MATCH(YEAR(AC28),PARAMETROS!E$2:E1091,0),1)))} | AQ28: =IF($A28="","",IF(OR(AB28="",AL28="EN EJECUCIÓN"),"EN PROCESO", IF(AE28="","INDICAR FECHA DE NOTIFICACIÓN",IF(AM28="","NO PAGÓ MULTA",IF(AM28="",IF(TODAY()<=AE28,"EN PLAZO","VENCIDO"),IF(AM28<=AE28,"PAGADO EN PLAZO","PAGADO FUERA DE PLAZO")))))) | AR28: {=IF(A28="","",IFERROR(INDEX('2) Etapas'!L$3:L923,MATCH(B28,'2) Etapas'!$A$4:$A923,0),1),-1))} | AS28: =IF(A28="","",A28) | AT28: =IF(A28="","",IF(AU28="","MULTA EN ELABORACIÓN", "MULTA IMPUESTA")) | AU28: =IF(OR($A28="",$AB28="", $AC28=""),"", INDEX($AB$4:$AB947,MATCH(CONCATENATE($A28,$AV28),$A$4:$A947&$AC$4:$AC947,0),1)) | AV28: {=IF(OR($A28="",$AB28="", $AC28=""),"",MAXA(IF($A28=$A$4:$A923,$AC$4:$AC923)))}
B29: =IF(A29="","",IF(E29="","INDICAR NÚMERO DE PROYECTO",CONCATENATE("MULTA COERCITIVA - ",E29,"/",F29))) | D29: =IF(A29="","",IF(AL29<>"","EN ETAPA DE COBRANZA",IF(AH29<>"","EN SEGUIMIENTO DE MULTA",IF(AB29<>"","EN IMPOISICIÓN DE MULTA",IF(Q29<>"","EN ETAPA DE ÁNALISIS DE DESCARGOS",IF(OR(P30="VENCIDO", P30="EN PLAZO"),"EN ETAPA DE DESCARGOS","EN ETAPA DE DESCARGOS")))))) | F29: {=IF($A29="","",IFERROR(INDEX(MA_INDIVIDUALES!C$2:C923, MATCH($A29,MA_INDIVIDUALES!$B$2:$B923,0),1),"CÓDIGO DE EXPEDIENTE INVÁLIDO"))} | G29: {=IF($A29="","",IFERROR(INDEX(MA_INDIVIDUALES!K$2:K923, MATCH($A29,MA_INDIVIDUALES!$B$2:$B923,0),1),"CÓDIGO DE EXPEDIENTE INVÁLIDO"))} | H29: {=IF($A29="","",IFERROR(INDEX(MA_INDIVIDUALES!L$2:L923, MATCH($A29,MA_INDIVIDUALES!$B$2:$B923,0),1),"CÓDIGO DE EXPEDIENTE INVÁLIDO"))} | L29: =IF(A29="","",IF(K29="","",_xlfn.WORKDAY.INTL(K29,5,1,FERIADOS))) | P29: =IF(A29="","",IF(M29="NO","NO PRESENTÓ DESCARGOS",IF(N29="",IF(TODAY()<=L29,"EN PLAZO","VENCIDO"),IF(N29<=L29,"PRESENTADO EN PLAZO","PRESENTADO FUERA DE PLAZO")))) | Y29: =IF(A29="","",IF(U29="SI","ELABORAR MC",IF(U29="NO","NO AMERITA ELABORAR MC","EN PROCESO"))) | Z29: =IF(A29="","",IF(AND(AR29=-1,Y29="ELABORAR MC"),"SIN REGISTRO DE ETAPAS",IF(AND(AR29=0,Y29="ELABORAR MC"),"EN PROCESO",IF(AND(AR29=1,Y29="ELABORAR MC",AB29=""),"EN ESPERA DE REGISTRO DE RESOLUCIÓN",IF(AND(AR29=1,Y29="ELABORAR MC",AB29<>""),"TERMINADO",IF(OR(Y29="NO AMERITA MC",Y29="EN PROCESO"),"","")))))) | AE29: =IF(U29="","",IF(AD29="","",_xlfn.WORKDAY.INTL(AD29,7,1,FERIADOS))) | AG29: {=IF(A29="","",IF(AF29="","",AF29*INDEX(PARAMETROS!F$2:F1092,MATCH(YEAR(AC29),PARAMETROS!E$2:E1092,0),1)))} | AQ29: =IF($A29="","",IF(OR(AB29="",AL29="EN EJECUCIÓN"),"EN PROCESO", IF(AE29="","INDICAR FECHA DE NOTIFICACIÓN",IF(AM29="","NO PAGÓ MULTA",IF(AM29="",IF(TODAY()<=AE29,"EN PLAZO","VENCIDO"),IF(AM29<=AE29,"PAGADO EN PLAZO","PAGADO FUERA DE PLAZO")))))) | AR29: {=IF(A29="","",IFERROR(INDEX('2) Etapas'!L$3:L923,MATCH(B29,'2) Etapas'!$A$4:$A923,0),1),-1))} | AS29: =IF(A29="","",A29) | AT29: =IF(A29="","",IF(AU29="","MULTA EN ELABORACIÓN", "MULTA IMPUESTA")) | AU29: =IF(OR($A29="",$AB29="", $AC29=""),"", INDEX($AB$4:$AB948,MATCH(CONCATENATE($A29,$AV29),$A$4:$A948&$AC$4:$AC948,0),1)) | AV29: {=IF(OR($A29="",$AB29="", $AC29=""),"",MAXA(IF($A29=$A$4:$A923,$AC$4:$AC923)))}
B30: =IF(A30="","",IF(E30="","INDICAR NÚMERO DE PROYECTO",CONCATENATE("MULTA COERCITIVA - ",E30,"/",F30))) | D30: =IF(A30="","",IF(AL30<>"","EN ETAPA DE COBRANZA",IF(AH30<>"","EN SEGUIMIENTO DE MULTA",IF(AB30<>"","EN IMPOISICIÓN DE MULTA",IF(Q30<>"","EN ETAPA DE ÁNALISIS DE DESCARGOS",IF(OR(P31="VENCIDO", P31="EN PLAZO"),"EN ETAPA DE DESCARGOS","EN ETAPA DE DESCARGOS")))))) | F30: {=IF($A30="","",IFERROR(INDEX(MA_INDIVIDUALES!C$2:C923, MATCH($A30,MA_INDIVIDUALES!$B$2:$B923,0),1),"CÓDIGO DE EXPEDIENTE INVÁLIDO"))} | G30: {=IF($A30="","",IFERROR(INDEX(MA_INDIVIDUALES!K$2:K923, MATCH($A30,MA_INDIVIDUALES!$B$2:$B923,0),1),"CÓDIGO DE EXPEDIENTE INVÁLIDO"))} | H30: {=IF($A30="","",IFERROR(INDEX(MA_INDIVIDUALES!L$2:L923, MATCH($A30,MA_INDIVIDUALES!$B$2:$B923,0),1),"CÓDIGO DE EXPEDIENTE INVÁLIDO"))} | L30: =IF(A30="","",IF(K30="","",_xlfn.WORKDAY.INTL(K30,5,1,FERIADOS))) | P30: =IF(A30="","",IF(M30="NO","NO PRESENTÓ DESCARGOS",IF(N30="",IF(TODAY()<=L30,"EN PLAZO","VENCIDO"),IF(N30<=L30,"PRESENTADO EN PLAZO","PRESENTADO FUERA DE PLAZO")))) | Y30: =IF(A30="","",IF(U30="SI","ELABORAR MC",IF(U30="NO","NO AMERITA ELABORAR MC","EN PROCESO"))) | Z30: =IF(A30="","",IF(AND(AR30=-1,Y30="ELABORAR MC"),"SIN REGISTRO DE ETAPAS",IF(AND(AR30=0,Y30="ELABORAR MC"),"EN PROCESO",IF(AND(AR30=1,Y30="ELABORAR MC",AB30=""),"EN ESPERA DE REGISTRO DE RESOLUCIÓN",IF(AND(AR30=1,Y30="ELABORAR MC",AB30<>""),"TERMINADO",IF(OR(Y30="NO AMERITA MC",Y30="EN PROCESO"),"","")))))) | AE30: =IF(U30="","",IF(AD30="","",_xlfn.WORKDAY.INTL(AD30,7,1,FERIADOS))) | AG30: {=IF(A30="","",IF(AF30="","",AF30*INDEX(PARAMETROS!F$2:F1093,MATCH(YEAR(AC30),PARAMETROS!E$2:E1093,0),1)))} | AQ30: =IF($A30="","",IF(OR(AB30="",AL30="EN EJECUCIÓN"),"EN PROCESO", IF(AE30="","INDICAR FECHA DE NOTIFICACIÓN",IF(AM30="","NO PAGÓ MULTA",IF(AM30="",IF(TODAY()<=AE30,"EN PLAZO","VENCIDO"),IF(AM30<=AE30,"PAGADO EN PLAZO","PAGADO FUERA DE PLAZO")))))) | AR30: {=IF(A30="","",IFERROR(INDEX('2) Etapas'!L$3:L923,MATCH(B30,'2) Etapas'!$A$4:$A923,0),1),-1))} | AS30: =IF(A30="","",A30) | AT30: =IF(A30="","",IF(AU30="","MULTA EN ELABORACIÓN", "MULTA IMPUESTA")) | AU30: =IF(OR($A30="",$AB30="", $AC30=""),"", INDEX($AB$4:$AB949,MATCH(CONCATENATE($A30,$AV30),$A$4:$A949&$AC$4:$AC949,0),1)) | AV30: {=IF(OR($A30="",$AB30="", $AC30=""),"",MAXA(IF($A30=$A$4:$A923,$AC$4:$AC923)))}
B31: =IF(A31="","",IF(E31="","INDICAR NÚMERO DE PROYECTO",CONCATENATE("MULTA COERCITIVA - ",E31,"/",F31))) | D31: =IF(A31="","",IF(AL31<>"","EN ETAPA DE COBRANZA",IF(AH31<>"","EN SEGUIMIENTO DE MULTA",IF(AB31<>"","EN IMPOISICIÓN DE MULTA",IF(Q31<>"","EN ETAPA DE ÁNALISIS DE DESCARGOS",IF(OR(P32="VENCIDO", P32="EN PLAZO"),"EN ETAPA DE DESCARGOS","EN ETAPA DE DESCARGOS")))))) | F31: {=IF($A31="","",IFERROR(INDEX(MA_INDIVIDUALES!C$2:C923, MATCH($A31,MA_INDIVIDUALES!$B$2:$B923,0),1),"CÓDIGO DE EXPEDIENTE INVÁLIDO"))} | G31: {=IF($A31="","",IFERROR(INDEX(MA_INDIVIDUALES!K$2:K923, MATCH($A31,MA_INDIVIDUALES!$B$2:$B923,0),1),"CÓDIGO DE EXPEDIENTE INVÁLIDO"))} | H31: {=IF($A31="","",IFERROR(INDEX(MA_INDIVIDUALES!L$2:L923, MATCH($A31,MA_INDIVIDUALES!$B$2:$B923,0),1),"CÓDIGO DE EXPEDIENTE INVÁLIDO"))} | L31: =IF(A31="","",IF(K31="","",_xlfn.WORKDAY.INTL(K31,5,1,FERIADOS))) | P31: =IF(A31="","",IF(M31="NO","NO PRESENTÓ DESCARGOS",IF(N31="",IF(TODAY()<=L31,"EN PLAZO","VENCIDO"),IF(N31<=L31,"PRESENTADO EN PLAZO","PRESENTADO FUERA DE PLAZO")))) | Y31: =IF(A31="","",IF(U31="SI","ELABORAR MC",IF(U31="NO","NO AMERITA ELABORAR MC","EN PROCESO"))) | Z31: =IF(A31="","",IF(AND(AR31=-1,Y31="ELABORAR MC"),"SIN REGISTRO DE ETAPAS",IF(AND(AR31=0,Y31="ELABORAR MC"),"EN PROCESO",IF(AND(AR31=1,Y31="ELABORAR MC",AB31=""),"EN ESPERA DE REGISTRO DE RESOLUCIÓN",IF(AND(AR31=1,Y31="ELABORAR MC",AB31<>""),"TERMINADO",IF(OR(Y31="NO AMERITA MC",Y31="EN PROCESO"),"","")))))) | AE31: =IF(U31="","",IF(AD31="","",_xlfn.WORKDAY.INTL(AD31,7,1,FERIADOS))) | AG31: {=IF(A31="","",IF(AF31="","",AF31*INDEX(PARAMETROS!F$2:F1094,MATCH(YEAR(AC31),PARAMETROS!E$2:E1094,0),1)))} | AQ31: =IF($A31="","",IF(OR(AB31="",AL31="EN EJECUCIÓN"),"EN PROCESO", IF(AE31="","INDICAR FECHA DE NOTIFICACIÓN",IF(AM31="","NO PAGÓ MULTA",IF(AM31="",IF(TODAY()<=AE31,"EN PLAZO","VENCIDO"),IF(AM31<=AE31,"PAGADO EN PLAZO","PAGADO FUERA DE PLAZO")))))) | AR31: {=IF(A31="","",IFERROR(INDEX('2) Etapas'!L$3:L923,MATCH(B31,'2) Etapas'!$A$4:$A923,0),1),-1))} | AS31: =IF(A31="","",A31) | AT31: =IF(A31="","",IF(AU31="","MULTA EN ELABORACIÓN", "MULTA IMPUESTA")) | AU31: =IF(OR($A31="",$AB31="", $AC31=""),"", INDEX($AB$4:$AB950,MATCH(CONCATENATE($A31,$AV31),$A$4:$A950&$AC$4:$AC950,0),1)) | AV31: {=IF(OR($A31="",$AB31="", $AC31=""),"",MAXA(IF($A31=$A$4:$A923,$AC$4:$AC923)))}
B32: =IF(A32="","",IF(E32="","INDICAR NÚMERO DE PROYECTO",CONCATENATE("MULTA COERCITIVA - ",E32,"/",F32))) | D32: =IF(A32="","",IF(AL32<>"","EN ETAPA DE COBRANZA",IF(AH32<>"","EN SEGUIMIENTO DE MULTA",IF(AB32<>"","EN IMPOISICIÓN DE MULTA",IF(Q32<>"","EN ETAPA DE ÁNALISIS DE DESCARGOS",IF(OR(P33="VENCIDO", P33="EN PLAZO"),"EN ETAPA DE DESCARGOS","EN ETAPA DE DESCARGOS")))))) | F32: {=IF($A32="","",IFERROR(INDEX(MA_INDIVIDUALES!C$2:C923, MATCH($A32,MA_INDIVIDUALES!$B$2:$B923,0),1),"CÓDIGO DE EXPEDIENTE INVÁLIDO"))} | G32: {=IF($A32="","",IFERROR(INDEX(MA_INDIVIDUALES!K$2:K923, MATCH($A32,MA_INDIVIDUALES!$B$2:$B923,0),1),"CÓDIGO DE EXPEDIENTE INVÁLIDO"))} | H32: {=IF($A32="","",IFERROR(INDEX(MA_INDIVIDUALES!L$2:L923, MATCH($A32,MA_INDIVIDUALES!$B$2:$B923,0),1),"CÓDIGO DE EXPEDIENTE INVÁLIDO"))} | L32: =IF(A32="","",IF(K32="","",_xlfn.WORKDAY.INTL(K32,5,1,FERIADOS))) | P32: =IF(A32="","",IF(M32="NO","NO PRESENTÓ DESCARGOS",IF(N32="",IF(TODAY()<=L32,"EN PLAZO","VENCIDO"),IF(N32<=L32,"PRESENTADO EN PLAZO","PRESENTADO FUERA DE PLAZO")))) | Y32: =IF(A32="","",IF(U32="SI","ELABORAR MC",IF(U32="NO","NO AMERITA ELABORAR MC","EN PROCESO"))) | Z32: =IF(A32="","",IF(AND(AR32=-1,Y32="ELABORAR MC"),"SIN REGISTRO DE ETAPAS",IF(AND(AR32=0,Y32="ELABORAR MC"),"EN PROCESO",IF(AND(AR32=1,Y32="ELABORAR MC",AB32=""),"EN ESPERA DE REGISTRO DE RESOLUCIÓN",IF(AND(AR32=1,Y32="ELABORAR MC",AB32<>""),"TERMINADO",IF(OR(Y32="NO AMERITA MC",Y32="EN PROCESO"),"","")))))) | AE32: =IF(U32="","",IF(AD32="","",_xlfn.WORKDAY.INTL(AD32,7,1,FERIADOS))) | AG32: {=IF(A32="","",IF(AF32="","",AF32*INDEX(PARAMETROS!F$2:F1095,MATCH(YEAR(AC32),PARAMETROS!E$2:E1095,0),1)))} | AQ32: =IF($A32="","",IF(OR(AB32="",AL32="EN EJECUCIÓN"),"EN PROCESO", IF(AE32="","INDICAR FECHA DE NOTIFICACIÓN",IF(AM32="","NO PAGÓ MULTA",IF(AM32="",IF(TODAY()<=AE32,"EN PLAZO","VENCIDO"),IF(AM32<=AE32,"PAGADO EN PLAZO","PAGADO FUERA DE PLAZO")))))) | AR32: {=IF(A32="","",IFERROR(INDEX('2) Etapas'!L$3:L923,MATCH(B32,'2) Etapas'!$A$4:$A923,0),1),-1))} | AS32: =IF(A32="","",A32) | AT32: =IF(A32="","",IF(AU32="","MULTA EN ELABORACIÓN", "MULTA IMPUESTA")) | AU32: =IF(OR($A32="",$AB32="", $AC32=""),"", INDEX($AB$4:$AB951,MATCH(CONCATENATE($A32,$AV32),$A$4:$A951&$AC$4:$AC951,0),1)) | AV32: {=IF(OR($A32="",$AB32="", $AC32=""),"",MAXA(IF($A32=$A$4:$A923,$AC$4:$AC923)))}
B33: =IF(A33="","",IF(E33="","INDICAR NÚMERO DE PROYECTO",CONCATENATE("MULTA COERCITIVA - ",E33,"/",F33))) | D33: =IF(A33="","",IF(AL33<>"","EN ETAPA DE COBRANZA",IF(AH33<>"","EN SEGUIMIENTO DE MULTA",IF(AB33<>"","EN IMPOISICIÓN DE MULTA",IF(Q33<>"","EN ETAPA DE ÁNALISIS DE DESCARGOS",IF(OR(P34="VENCIDO", P34="EN PLAZO"),"EN ETAPA DE DESCARGOS","EN ETAPA DE DESCARGOS")))))) | F33: {=IF($A33="","",IFERROR(INDEX(MA_INDIVIDUALES!C$2:C923, MATCH($A33,MA_INDIVIDUALES!$B$2:$B923,0),1),"CÓDIGO DE EXPEDIENTE INVÁLIDO"))} | G33: {=IF($A33="","",IFERROR(INDEX(MA_INDIVIDUALES!K$2:K923, MATCH($A33,MA_INDIVIDUALES!$B$2:$B923,0),1),"CÓDIGO DE EXPEDIENTE INVÁLIDO"))} | H33: {=IF($A33="","",IFERROR(INDEX(MA_INDIVIDUALES!L$2:L923, MATCH($A33,MA_INDIVIDUALES!$B$2:$B923,0),1),"CÓDIGO DE EXPEDIENTE INVÁLIDO"))} | L33: =IF(A33="","",IF(K33="","",_xlfn.WORKDAY.INTL(K33,5,1,FERIADOS))) | P33: =IF(A33="","",IF(M33="NO","NO PRESENTÓ DESCARGOS",IF(N33="",IF(TODAY()<=L33,"EN PLAZO","VENCIDO"),IF(N33<=L33,"PRESENTADO EN PLAZO","PRESENTADO FUERA DE PLAZO")))) | Y33: =IF(A33="","",IF(U33="SI","ELABORAR MC",IF(U33="NO","NO AMERITA ELABORAR MC","EN PROCESO"))) | Z33: =IF(A33="","",IF(AND(AR33=-1,Y33="ELABORAR MC"),"SIN REGISTRO DE ETAPAS",IF(AND(AR33=0,Y33="ELABORAR MC"),"EN PROCESO",IF(AND(AR33=1,Y33="ELABORAR MC",AB33=""),"EN ESPERA DE REGISTRO DE RESOLUCIÓN",IF(AND(AR33=1,Y33="ELABORAR MC",AB33<>""),"TERMINADO",IF(OR(Y33="NO AMERITA MC",Y33="EN PROCESO"),"","")))))) | AE33: =IF(U33="","",IF(AD33="","",_xlfn.WORKDAY.INTL(AD33,7,1,FERIADOS))) | AG33: {=IF(A33="","",IF(AF33="","",AF33*INDEX(PARAMETROS!F$2:F1096,MATCH(YEAR(AC33),PARAMETROS!E$2:E1096,0),1)))} | AQ33: =IF($A33="","",IF(OR(AB33="",AL33="EN EJECUCIÓN"),"EN PROCESO", IF(AE33="","INDICAR FECHA DE NOTIFICACIÓN",IF(AM33="","NO PAGÓ MULTA",IF(AM33="",IF(TODAY()<=AE33,"EN PLAZO","VENCIDO"),IF(AM33<=AE33,"PAGADO EN PLAZO","PAGADO FUERA DE PLAZO")))))) | AR33: {=IF(A33="","",IFERROR(INDEX('2) Etapas'!L$3:L923,MATCH(B33,'2) Etapas'!$A$4:$A923,0),1),-1))} | AS33: =IF(A33="","",A33) | AT33: =IF(A33="","",IF(AU33="","MULTA EN ELABORACIÓN", "MULTA IMPUESTA")) | AU33: =IF(OR($A33="",$AB33="", $AC33=""),"", INDEX($AB$4:$AB952,MATCH(CONCATENATE($A33,$AV33),$A$4:$A952&$AC$4:$AC952,0),1)) | AV33: {=IF(OR($A33="",$AB33="", $AC33=""),"",MAXA(IF($A33=$A$4:$A923,$AC$4:$AC923)))}
B34: =IF(A34="","",IF(E34="","INDICAR NÚMERO DE PROYECTO",CONCATENATE("MULTA COERCITIVA - ",E34,"/",F34))) | D34: =IF(A34="","",IF(AL34<>"","EN ETAPA DE COBRANZA",IF(AH34<>"","EN SEGUIMIENTO DE MULTA",IF(AB34<>"","EN IMPOISICIÓN DE MULTA",IF(Q34<>"","EN ETAPA DE ÁNALISIS DE DESCARGOS",IF(OR(P35="VENCIDO", P35="EN PLAZO"),"EN ETAPA DE DESCARGOS","EN ETAPA DE DESCARGOS")))))) | F34: {=IF($A34="","",IFERROR(INDEX(MA_INDIVIDUALES!C$2:C923, MATCH($A34,MA_INDIVIDUALES!$B$2:$B923,0),1),"CÓDIGO DE EXPEDIENTE INVÁLIDO"))} | G34: {=IF($A34="","",IFERROR(INDEX(MA_INDIVIDUALES!K$2:K923, MATCH($A34,MA_INDIVIDUALES!$B$2:$B923,0),1),"CÓDIGO DE EXPEDIENTE INVÁLIDO"))} | H34: {=IF($A34="","",IFERROR(INDEX(MA_INDIVIDUALES!L$2:L923, MATCH($A34,MA_INDIVIDUALES!$B$2:$B923,0),1),"CÓDIGO DE EXPEDIENTE INVÁLIDO"))} | L34: =IF(A34="","",IF(K34="","",_xlfn.WORKDAY.INTL(K34,5,1,FERIADOS))) | P34: =IF(A34="","",IF(M34="NO","NO PRESENTÓ DESCARGOS",IF(N34="",IF(TODAY()<=L34,"EN PLAZO","VENCIDO"),IF(N34<=L34,"PRESENTADO EN PLAZO","PRESENTADO FUERA DE PLAZO")))) | Y34: =IF(A34="","",IF(U34="SI","ELABORAR MC",IF(U34="NO","NO AMERITA ELABORAR MC","EN PROCESO"))) | Z34: =IF(A34="","",IF(AND(AR34=-1,Y34="ELABORAR MC"),"SIN REGISTRO DE ETAPAS",IF(AND(AR34=0,Y34="ELABORAR MC"),"EN PROCESO",IF(AND(AR34=1,Y34="ELABORAR MC",AB34=""),"EN ESPERA DE REGISTRO DE RESOLUCIÓN",IF(AND(AR34=1,Y34="ELABORAR MC",AB34<>""),"TERMINADO",IF(OR(Y34="NO AMERITA MC",Y34="EN PROCESO"),"","")))))) | AE34: =IF(U34="","",IF(AD34="","",_xlfn.WORKDAY.INTL(AD34,7,1,FERIADOS))) | AG34: {=IF(A34="","",IF(AF34="","",AF34*INDEX(PARAMETROS!F$2:F1097,MATCH(YEAR(AC34),PARAMETROS!E$2:E1097,0),1)))} | AQ34: =IF($A34="","",IF(OR(AB34="",AL34="EN EJECUCIÓN"),"EN PROCESO", IF(AE34="","INDICAR FECHA DE NOTIFICACIÓN",IF(AM34="","NO PAGÓ MULTA",IF(AM34="",IF(TODAY()<=AE34,"EN PLAZO","VENCIDO"),IF(AM34<=AE34,"PAGADO EN PLAZO","PAGADO FUERA DE PLAZO")))))) | AR34: {=IF(A34="","",IFERROR(INDEX('2) Etapas'!L$3:L923,MATCH(B34,'2) Etapas'!$A$4:$A923,0),1),-1))} | AS34: =IF(A34="","",A34) | AT34: =IF(A34="","",IF(AU34="","MULTA EN ELABORACIÓN", "MULTA IMPUESTA")) | AU34: =IF(OR($A34="",$AB34="", $AC34=""),"", INDEX($AB$4:$AB953,MATCH(CONCATENATE($A34,$AV34),$A$4:$A953&$AC$4:$AC953,0),1)) | AV34: {=IF(OR($A34="",$AB34="", $AC34=""),"",MAXA(IF($A34=$A$4:$A923,$AC$4:$AC923)))}
B35: =IF(A35="","",IF(E35="","INDICAR NÚMERO DE PROYECTO",CONCATENATE("MULTA COERCITIVA - ",E35,"/",F35))) | D35: =IF(A35="","",IF(AL35<>"","EN ETAPA DE COBRANZA",IF(AH35<>"","EN SEGUIMIENTO DE MULTA",IF(AB35<>"","EN IMPOISICIÓN DE MULTA",IF(Q35<>"","EN ETAPA DE ÁNALISIS DE DESCARGOS",IF(OR(P36="VENCIDO", P36="EN PLAZO"),"EN ETAPA DE DESCARGOS","EN ETAPA DE DESCARGOS")))))) | F35: {=IF($A35="","",IFERROR(INDEX(MA_INDIVIDUALES!C$2:C923, MATCH($A35,MA_INDIVIDUALES!$B$2:$B923,0),1),"CÓDIGO DE EXPEDIENTE INVÁLIDO"))} | G35: {=IF($A35="","",IFERROR(INDEX(MA_INDIVIDUALES!K$2:K923, MATCH($A35,MA_INDIVIDUALES!$B$2:$B923,0),1),"CÓDIGO DE EXPEDIENTE INVÁLIDO"))} | H35: {=IF($A35="","",IFERROR(INDEX(MA_INDIVIDUALES!L$2:L923, MATCH($A35,MA_INDIVIDUALES!$B$2:$B923,0),1),"CÓDIGO DE EXPEDIENTE INVÁLIDO"))} | L35: =IF(A35="","",IF(K35="","",_xlfn.WORKDAY.INTL(K35,5,1,FERIADOS))) | P35: =IF(A35="","",IF(M35="NO","NO PRESENTÓ DESCARGOS",IF(N35="",IF(TODAY()<=L35,"EN PLAZO","VENCIDO"),IF(N35<=L35,"PRESENTADO EN PLAZO","PRESENTADO FUERA DE PLAZO")))) | Y35: =IF(A35="","",IF(U35="SI","ELABORAR MC",IF(U35="NO","NO AMERITA ELABORAR MC","EN PROCESO"))) | Z35: =IF(A35="","",IF(AND(AR35=-1,Y35="ELABORAR MC"),"SIN REGISTRO DE ETAPAS",IF(AND(AR35=0,Y35="ELABORAR MC"),"EN PROCESO",IF(AND(AR35=1,Y35="ELABORAR MC",AB35=""),"EN ESPERA DE REGISTRO DE RESOLUCIÓN",IF(AND(AR35=1,Y35="ELABORAR MC",AB35<>""),"TERMINADO",IF(OR(Y35="NO AMERITA MC",Y35="EN PROCESO"),"","")))))) | AE35: =IF(U35="","",IF(AD35="","",_xlfn.WORKDAY.INTL(AD35,7,1,FERIADOS))) | AG35: {=IF(A35="","",IF(AF35="","",AF35*INDEX(PARAMETROS!F$2:F1098,MATCH(YEAR(AC35),PARAMETROS!E$2:E1098,0),1)))} | AQ35: =IF($A35="","",IF(OR(AB35="",AL35="EN EJECUCIÓN"),"EN PROCESO", IF(AE35="","INDICAR FECHA DE NOTIFICACIÓN",IF(AM35="","NO PAGÓ MULTA",IF(AM35="",IF(TODAY()<=AE35,"EN PLAZO","VENCIDO"),IF(AM35<=AE35,"PAGADO EN PLAZO","PAGADO FUERA DE PLAZO")))))) | AR35: {=IF(A35="","",IFERROR(INDEX('2) Etapas'!L$3:L923,MATCH(B35,'2) Etapas'!$A$4:$A923,0),1),-1))} | AS35: =IF(A35="","",A35) | AT35: =IF(A35="","",IF(AU35="","MULTA EN ELABORACIÓN", "MULTA IMPUESTA")) | AU35: =IF(OR($A35="",$AB35="", $AC35=""),"", INDEX($AB$4:$AB954,MATCH(CONCATENATE($A35,$AV35),$A$4:$A954&$AC$4:$AC954,0),1)) | AV35: {=IF(OR($A35="",$AB35="", $AC35=""),"",MAXA(IF($A35=$A$4:$A923,$AC$4:$AC923)))}
B36: =IF(A36="","",IF(E36="","INDICAR NÚMERO DE PROYECTO",CONCATENATE("MULTA COERCITIVA - ",E36,"/",F36))) | D36: =IF(A36="","",IF(AL36<>"","EN ETAPA DE COBRANZA",IF(AH36<>"","EN SEGUIMIENTO DE MULTA",IF(AB36<>"","EN IMPOISICIÓN DE MULTA",IF(Q36<>"","EN ETAPA DE ÁNALISIS DE DESCARGOS",IF(OR(P37="VENCIDO", P37="EN PLAZO"),"EN ETAPA DE DESCARGOS","EN ETAPA DE DESCARGOS")))))) | F36: {=IF($A36="","",IFERROR(INDEX(MA_INDIVIDUALES!C$2:C923, MATCH($A36,MA_INDIVIDUALES!$B$2:$B923,0),1),"CÓDIGO DE EXPEDIENTE INVÁLIDO"))} | G36: {=IF($A36="","",IFERROR(INDEX(MA_INDIVIDUALES!K$2:K923, MATCH($A36,MA_INDIVIDUALES!$B$2:$B923,0),1),"CÓDIGO DE EXPEDIENTE INVÁLIDO"))} | H36: {=IF($A36="","",IFERROR(INDEX(MA_INDIVIDUALES!L$2:L923, MATCH($A36,MA_INDIVIDUALES!$B$2:$B923,0),1),"CÓDIGO DE EXPEDIENTE INVÁLIDO"))} | L36: =IF(A36="","",IF(K36="","",_xlfn.WORKDAY.INTL(K36,5,1,FERIADOS))) | P36: =IF(A36="","",IF(M36="NO","NO PRESENTÓ DESCARGOS",IF(N36="",IF(TODAY()<=L36,"EN PLAZO","VENCIDO"),IF(N36<=L36,"PRESENTADO EN PLAZO","PRESENTADO FUERA DE PLAZO")))) | Y36: =IF(A36="","",IF(U36="SI","ELABORAR MC",IF(U36="NO","NO AMERITA ELABORAR MC","EN PROCESO"))) | Z36: =IF(A36="","",IF(AND(AR36=-1,Y36="ELABORAR MC"),"SIN REGISTRO DE ETAPAS",IF(AND(AR36=0,Y36="ELABORAR MC"),"EN PROCESO",IF(AND(AR36=1,Y36="ELABORAR MC",AB36=""),"EN ESPERA DE REGISTRO DE RESOLUCIÓN",IF(AND(AR36=1,Y36="ELABORAR MC",AB36<>""),"TERMINADO",IF(OR(Y36="NO AMERITA MC",Y36="EN PROCESO"),"","")))))) | AE36: =IF(U36="","",IF(AD36="","",_xlfn.WORKDAY.INTL(AD36,7,1,FERIADOS))) | AG36: {=IF(A36="","",IF(AF36="","",AF36*INDEX(PARAMETROS!F$2:F1099,MATCH(YEAR(AC36),PARAMETROS!E$2:E1099,0),1)))} | AQ36: =IF($A36="","",IF(OR(AB36="",AL36="EN EJECUCIÓN"),"EN PROCESO", IF(AE36="","INDICAR FECHA DE NOTIFICACIÓN",IF(AM36="","NO PAGÓ MULTA",IF(AM36="",IF(TODAY()<=AE36,"EN PLAZO","VENCIDO"),IF(AM36<=AE36,"PAGADO EN PLAZO","PAGADO FUERA DE PLAZO")))))) | AR36: {=IF(A36="","",IFERROR(INDEX('2) Etapas'!L$3:L923,MATCH(B36,'2) Etapas'!$A$4:$A923,0),1),-1))} | AS36: =IF(A36="","",A36) | AT36: =IF(A36="","",IF(AU36="","MULTA EN ELABORACIÓN", "MULTA IMPUESTA")) | AU36: =IF(OR($A36="",$AB36="", $AC36=""),"", INDEX($AB$4:$AB955,MATCH(CONCATENATE($A36,$AV36),$A$4:$A955&$AC$4:$AC955,0),1)) | AV36: {=IF(OR($A36="",$AB36="", $AC36=""),"",MAXA(IF($A36=$A$4:$A923,$AC$4:$AC923)))}
B37: =IF(A37="","",IF(E37="","INDICAR NÚMERO DE PROYECTO",CONCATENATE("MULTA COERCITIVA - ",E37,"/",F37))) | D37: =IF(A37="","",IF(AL37<>"","EN ETAPA DE COBRANZA",IF(AH37<>"","EN SEGUIMIENTO DE MULTA",IF(AB37<>"","EN IMPOISICIÓN DE MULTA",IF(Q37<>"","EN ETAPA DE ÁNALISIS DE DESCARGOS",IF(OR(P38="VENCIDO", P38="EN PLAZO"),"EN ETAPA DE DESCARGOS","EN ETAPA DE DESCARGOS")))))) | F37: {=IF($A37="","",IFERROR(INDEX(MA_INDIVIDUALES!C$2:C923, MATCH($A37,MA_INDIVIDUALES!$B$2:$B923,0),1),"CÓDIGO DE EXPEDIENTE INVÁLIDO"))} | G37: {=IF($A37="","",IFERROR(INDEX(MA_INDIVIDUALES!K$2:K923, MATCH($A37,MA_INDIVIDUALES!$B$2:$B923,0),1),"CÓDIGO DE EXPEDIENTE INVÁLIDO"))} | H37: {=IF($A37="","",IFERROR(INDEX(MA_INDIVIDUALES!L$2:L923, MATCH($A37,MA_INDIVIDUALES!$B$2:$B923,0),1),"CÓDIGO DE EXPEDIENTE INVÁLIDO"))} | L37: =IF(A37="","",IF(K37="","",_xlfn.WORKDAY.INTL(K37,5,1,FERIADOS))) | P37: =IF(A37="","",IF(M37="NO","NO PRESENTÓ DESCARGOS",IF(N37="",IF(TODAY()<=L37,"EN PLAZO","VENCIDO"),IF(N37<=L37,"PRESENTADO EN PLAZO","PRESENTADO FUERA DE PLAZO")))) | Y37: =IF(A37="","",IF(U37="SI","ELABORAR MC",IF(U37="NO","NO AMERITA ELABORAR MC","EN PROCESO"))) | Z37: =IF(A37="","",IF(AND(AR37=-1,Y37="ELABORAR MC"),"SIN REGISTRO DE ETAPAS",IF(AND(AR37=0,Y37="ELABORAR MC"),"EN PROCESO",IF(AND(AR37=1,Y37="ELABORAR MC",AB37=""),"EN ESPERA DE REGISTRO DE RESOLUCIÓN",IF(AND(AR37=1,Y37="ELABORAR MC",AB37<>""),"TERMINADO",IF(OR(Y37="NO AMERITA MC",Y37="EN PROCESO"),"","")))))) | AE37: =IF(U37="","",IF(AD37="","",_xlfn.WORKDAY.INTL(AD37,7,1,FERIADOS))) | AG37: {=IF(A37="","",IF(AF37="","",AF37*INDEX(PARAMETROS!F$2:F1100,MATCH(YEAR(AC37),PARAMETROS!E$2:E1100,0),1)))} | AQ37: =IF($A37="","",IF(OR(AB37="",AL37="EN EJECUCIÓN"),"EN PROCESO", IF(AE37="","INDICAR FECHA DE NOTIFICACIÓN",IF(AM37="","NO PAGÓ MULTA",IF(AM37="",IF(TODAY()<=AE37,"EN PLAZO","VENCIDO"),IF(AM37<=AE37,"PAGADO EN PLAZO","PAGADO FUERA DE PLAZO")))))) | AR37: {=IF(A37="","",IFERROR(INDEX('2) Etapas'!L$3:L923,MATCH(B37,'2) Etapas'!$A$4:$A923,0),1),-1))} | AS37: =IF(A37="","",A37) | AT37: =IF(A37="","",IF(AU37="","MULTA EN ELABORACIÓN", "MULTA IMPUESTA")) | AU37: =IF(OR($A37="",$AB37="", $AC37=""),"", INDEX($AB$4:$AB956,MATCH(CONCATENATE($A37,$AV37),$A$4:$A956&$AC$4:$AC956,0),1)) | AV37: {=IF(OR($A37="",$AB37="", $AC37=""),"",MAXA(IF($A37=$A$4:$A923,$AC$4:$AC923)))}
B38: =IF(A38="","",IF(E38="","INDICAR NÚMERO DE PROYECTO",CONCATENATE("MULTA COERCITIVA - ",E38,"/",F38))) | D38: =IF(A38="","",IF(AL38<>"","EN ETAPA DE COBRANZA",IF(AH38<>"","EN SEGUIMIENTO DE MULTA",IF(AB38<>"","EN IMPOISICIÓN DE MULTA",IF(Q38<>"","EN ETAPA DE ÁNALISIS DE DESCARGOS",IF(OR(P39="VENCIDO", P39="EN PLAZO"),"EN ETAPA DE DESCARGOS","EN ETAPA DE DESCARGOS")))))) | F38: {=IF($A38="","",IFERROR(INDEX(MA_INDIVIDUALES!C$2:C923, MATCH($A38,MA_INDIVIDUALES!$B$2:$B923,0),1),"CÓDIGO DE EXPEDIENTE INVÁLIDO"))} | G38: {=IF($A38="","",IFERROR(INDEX(MA_INDIVIDUALES!K$2:K923, MATCH($A38,MA_INDIVIDUALES!$B$2:$B923,0),1),"CÓDIGO DE EXPEDIENTE INVÁLIDO"))} | H38: {=IF($A38="","",IFERROR(INDEX(MA_INDIVIDUALES!L$2:L923, MATCH($A38,MA_INDIVIDUALES!$B$2:$B923,0),1),"CÓDIGO DE EXPEDIENTE INVÁLIDO"))} | L38: =IF(A38="","",IF(K38="","",_xlfn.WORKDAY.INTL(K38,5,1,FERIADOS))) | P38: =IF(A38="","",IF(M38="NO","NO PRESENTÓ DESCARGOS",IF(N38="",IF(TODAY()<=L38,"EN PLAZO","VENCIDO"),IF(N38<=L38,"PRESENTADO EN PLAZO","PRESENTADO FUERA DE PLAZO")))) | Y38: =IF(A38="","",IF(U38="SI","ELABORAR MC",IF(U38="NO","NO AMERITA ELABORAR MC","EN PROCESO"))) | Z38: =IF(A38="","",IF(AND(AR38=-1,Y38="ELABORAR MC"),"SIN REGISTRO DE ETAPAS",IF(AND(AR38=0,Y38="ELABORAR MC"),"EN PROCESO",IF(AND(AR38=1,Y38="ELABORAR MC",AB38=""),"EN ESPERA DE REGISTRO DE RESOLUCIÓN",IF(AND(AR38=1,Y38="ELABORAR MC",AB38<>""),"TERMINADO",IF(OR(Y38="NO AMERITA MC",Y38="EN PROCESO"),"","")))))) | AE38: =IF(U38="","",IF(AD38="","",_xlfn.WORKDAY.INTL(AD38,7,1,FERIADOS))) | AG38: {=IF(A38="","",IF(AF38="","",AF38*INDEX(PARAMETROS!F$2:F1101,MATCH(YEAR(AC38),PARAMETROS!E$2:E1101,0),1)))} | AQ38: =IF($A38="","",IF(OR(AB38="",AL38="EN EJECUCIÓN"),"EN PROCESO", IF(AE38="","INDICAR FECHA DE NOTIFICACIÓN",IF(AM38="","NO PAGÓ MULTA",IF(AM38="",IF(TODAY()<=AE38,"EN PLAZO","VENCIDO"),IF(AM38<=AE38,"PAGADO EN PLAZO","PAGADO FUERA DE PLAZO")))))) | AR38: {=IF(A38="","",IFERROR(INDEX('2) Etapas'!L$3:L923,MATCH(B38,'2) Etapas'!$A$4:$A923,0),1),-1))} | AS38: =IF(A38="","",A38) | AT38: =IF(A38="","",IF(AU38="","MULTA EN ELABORACIÓN", "MULTA IMPUESTA")) | AU38: =IF(OR($A38="",$AB38="", $AC38=""),"", INDEX($AB$4:$AB957,MATCH(CONCATENATE($A38,$AV38),$A$4:$A957&$AC$4:$AC957,0),1)) | AV38: {=IF(OR($A38="",$AB38="", $AC38=""),"",MAXA(IF($A38=$A$4:$A923,$AC$4:$AC923)))}
B39: =IF(A39="","",IF(E39="","INDICAR NÚMERO DE PROYECTO",CONCATENATE("MULTA COERCITIVA - ",E39,"/",F39))) | D39: =IF(A39="","",IF(AL39<>"","EN ETAPA DE COBRANZA",IF(AH39<>"","EN SEGUIMIENTO DE MULTA",IF(AB39<>"","EN IMPOISICIÓN DE MULTA",IF(Q39<>"","EN ETAPA DE ÁNALISIS DE DESCARGOS",IF(OR(P40="VENCIDO", P40="EN PLAZO"),"EN ETAPA DE DESCARGOS","EN ETAPA DE DESCARGOS")))))) | F39: {=IF($A39="","",IFERROR(INDEX(MA_INDIVIDUALES!C$2:C923, MATCH($A39,MA_INDIVIDUALES!$B$2:$B923,0),1),"CÓDIGO DE EXPEDIENTE INVÁLIDO"))} | G39: {=IF($A39="","",IFERROR(INDEX(MA_INDIVIDUALES!K$2:K923, MATCH($A39,MA_INDIVIDUALES!$B$2:$B923,0),1),"CÓDIGO DE EXPEDIENTE INVÁLIDO"))} | H39: {=IF($A39="","",IFERROR(INDEX(MA_INDIVIDUALES!L$2:L923, MATCH($A39,MA_INDIVIDUALES!$B$2:$B923,0),1),"CÓDIGO DE EXPEDIENTE INVÁLIDO"))} | L39: =IF(A39="","",IF(K39="","",_xlfn.WORKDAY.INTL(K39,5,1,FERIADOS))) | P39: =IF(A39="","",IF(M39="NO","NO PRESENTÓ DESCARGOS",IF(N39="",IF(TODAY()<=L39,"EN PLAZO","VENCIDO"),IF(N39<=L39,"PRESENTADO EN PLAZO","PRESENTADO FUERA DE PLAZO")))) | Y39: =IF(A39="","",IF(U39="SI","ELABORAR MC",IF(U39="NO","NO AMERITA ELABORAR MC","EN PROCESO"))) | Z39: =IF(A39="","",IF(AND(AR39=-1,Y39="ELABORAR MC"),"SIN REGISTRO DE ETAPAS",IF(AND(AR39=0,Y39="ELABORAR MC"),"EN PROCESO",IF(AND(AR39=1,Y39="ELABORAR MC",AB39=""),"EN ESPERA DE REGISTRO DE RESOLUCIÓN",IF(AND(AR39=1,Y39="ELABORAR MC",AB39<>""),"TERMINADO",IF(OR(Y39="NO AMERITA MC",Y39="EN PROCESO"),"","")))))) | AE39: =IF(U39="","",IF(AD39="","",_xlfn.WORKDAY.INTL(AD39,7,1,FERIADOS))) | AG39: {=IF(A39="","",IF(AF39="","",AF39*INDEX(PARAMETROS!F$2:F1102,MATCH(YEAR(AC39),PARAMETROS!E$2:E1102,0),1)))} | AQ39: =IF($A39="","",IF(OR(AB39="",AL39="EN EJECUCIÓN"),"EN PROCESO", IF(AE39="","INDICAR FECHA DE NOTIFICACIÓN",IF(AM39="","NO PAGÓ MULTA",IF(AM39="",IF(TODAY()<=AE39,"EN PLAZO","VENCIDO"),IF(AM39<=AE39,"PAGADO EN PLAZO","PAGADO FUERA DE PLAZO")))))) | AR39: {=IF(A39="","",IFERROR(INDEX('2) Etapas'!L$3:L923,MATCH(B39,'2) Etapas'!$A$4:$A923,0),1),-1))} | AS39: =IF(A39="","",A39) | AT39: =IF(A39="","",IF(AU39="","MULTA EN ELABORACIÓN", "MULTA IMPUESTA")) | AU39: =IF(OR($A39="",$AB39="", $AC39=""),"", INDEX($AB$4:$AB958,MATCH(CONCATENATE($A39,$AV39),$A$4:$A958&$AC$4:$AC958,0),1)) | AV39: {=IF(OR($A39="",$AB39="", $AC39=""),"",MAXA(IF($A39=$A$4:$A923,$AC$4:$AC923)))}
B40: =IF(A40="","",IF(E40="","INDICAR NÚMERO DE PROYECTO",CONCATENATE("MULTA COERCITIVA - ",E40,"/",F40))) | D40: =IF(A40="","",IF(AL40<>"","EN ETAPA DE COBRANZA",IF(AH40<>"","EN SEGUIMIENTO DE MULTA",IF(AB40<>"","EN IMPOISICIÓN DE MULTA",IF(Q40<>"","EN ETAPA DE ÁNALISIS DE DESCARGOS",IF(OR(P41="VENCIDO", P41="EN PLAZO"),"EN ETAPA DE DESCARGOS","EN ETAPA DE DESCARGOS")))))) | F40: {=IF($A40="","",IFERROR(INDEX(MA_INDIVIDUALES!C$2:C923, MATCH($A40,MA_INDIVIDUALES!$B$2:$B923,0),1),"CÓDIGO DE EXPEDIENTE INVÁLIDO"))} | G40: {=IF($A40="","",IFERROR(INDEX(MA_INDIVIDUALES!K$2:K923, MATCH($A40,MA_INDIVIDUALES!$B$2:$B923,0),1),"CÓDIGO DE EXPEDIENTE INVÁLIDO"))} | H40: {=IF($A40="","",IFERROR(INDEX(MA_INDIVIDUALES!L$2:L923, MATCH($A40,MA_INDIVIDUALES!$B$2:$B923,0),1),"CÓDIGO DE EXPEDIENTE INVÁLIDO"))} | L40: =IF(A40="","",IF(K40="","",_xlfn.WORKDAY.INTL(K40,5,1,FERIADOS))) | P40: =IF(A40="","",IF(M40="NO","NO PRESENTÓ DESCARGOS",IF(N40="",IF(TODAY()<=L40,"EN PLAZO","VENCIDO"),IF(N40<=L40,"PRESENTADO EN PLAZO","PRESENTADO FUERA DE PLAZO")))) | Y40: =IF(A40="","",IF(U40="SI","ELABORAR MC",IF(U40="NO","NO AMERITA ELABORAR MC","EN PROCESO"))) | Z40: =IF(A40="","",IF(AND(AR40=-1,Y40="ELABORAR MC"),"SIN REGISTRO DE ETAPAS",IF(AND(AR40=0,Y40="ELABORAR MC"),"EN PROCESO",IF(AND(AR40=1,Y40="ELABORAR MC",AB40=""),"EN ESPERA DE REGISTRO DE RESOLUCIÓN",IF(AND(AR40=1,Y40="ELABORAR MC",AB40<>""),"TERMINADO",IF(OR(Y40="NO AMERITA MC",Y40="EN PROCESO"),"","")))))) | AE40: =IF(U40="","",IF(AD40="","",_xlfn.WORKDAY.INTL(AD40,7,1,FERIADOS))) | AG40: {=IF(A40="","",IF(AF40="","",AF40*INDEX(PARAMETROS!F$2:F1103,MATCH(YEAR(AC40),PARAMETROS!E$2:E1103,0),1)))} | AQ40: =IF($A40="","",IF(OR(AB40="",AL40="EN EJECUCIÓN"),"EN PROCESO", IF(AE40="","INDICAR FECHA DE NOTIFICACIÓN",IF(AM40="","NO PAGÓ MULTA",IF(AM40="",IF(TODAY()<=AE40,"EN PLAZO","VENCIDO"),IF(AM40<=AE40,"PAGADO EN PLAZO","PAGADO FUERA DE PLAZO")))))) | AR40: {=IF(A40="","",IFERROR(INDEX('2) Etapas'!L$3:L923,MATCH(B40,'2) Etapas'!$A$4:$A923,0),1),-1))} | AS40: =IF(A40="","",A40) | AT40: =IF(A40="","",IF(AU40="","MULTA EN ELABORACIÓN", "MULTA IMPUESTA")) | AU40: =IF(OR($A40="",$AB40="", $AC40=""),"", INDEX($AB$4:$AB959,MATCH(CONCATENATE($A40,$AV40),$A$4:$A959&$AC$4:$AC959,0),1)) | AV40: {=IF(OR($A40="",$AB40="", $AC40=""),"",MAXA(IF($A40=$A$4:$A923,$AC$4:$AC923)))}
B41: =IF(A41="","",IF(E41="","INDICAR NÚMERO DE PROYECTO",CONCATENATE("MULTA COERCITIVA - ",E41,"/",F41))) | D41: =IF(A41="","",IF(AL41<>"","EN ETAPA DE COBRANZA",IF(AH41<>"","EN SEGUIMIENTO DE MULTA",IF(AB41<>"","EN IMPOISICIÓN DE MULTA",IF(Q41<>"","EN ETAPA DE ÁNALISIS DE DESCARGOS",IF(OR(P42="VENCIDO", P42="EN PLAZO"),"EN ETAPA DE DESCARGOS","EN ETAPA DE DESCARGOS")))))) | F41: {=IF($A41="","",IFERROR(INDEX(MA_INDIVIDUALES!C$2:C923, MATCH($A41,MA_INDIVIDUALES!$B$2:$B923,0),1),"CÓDIGO DE EXPEDIENTE INVÁLIDO"))} | G41: {=IF($A41="","",IFERROR(INDEX(MA_INDIVIDUALES!K$2:K923, MATCH($A41,MA_INDIVIDUALES!$B$2:$B923,0),1),"CÓDIGO DE EXPEDIENTE INVÁLIDO"))} | H41: {=IF($A41="","",IFERROR(INDEX(MA_INDIVIDUALES!L$2:L923, MATCH($A41,MA_INDIVIDUALES!$B$2:$B923,0),1),"CÓDIGO DE EXPEDIENTE INVÁLIDO"))} | L41: =IF(A41="","",IF(K41="","",_xlfn.WORKDAY.INTL(K41,5,1,FERIADOS))) | P41: =IF(A41="","",IF(M41="NO","NO PRESENTÓ DESCARGOS",IF(N41="",IF(TODAY()<=L41,"EN PLAZO","VENCIDO"),IF(N41<=L41,"PRESENTADO EN PLAZO","PRESENTADO FUERA DE PLAZO")))) | Y41: =IF(A41="","",IF(U41="SI","ELABORAR MC",IF(U41="NO","NO AMERITA ELABORAR MC","EN PROCESO"))) | Z41: =IF(A41="","",IF(AND(AR41=-1,Y41="ELABORAR MC"),"SIN REGISTRO DE ETAPAS",IF(AND(AR41=0,Y41="ELABORAR MC"),"EN PROCESO",IF(AND(AR41=1,Y41="ELABORAR MC",AB41=""),"EN ESPERA DE REGISTRO DE RESOLUCIÓN",IF(AND(AR41=1,Y41="ELABORAR MC",AB41<>""),"TERMINADO",IF(OR(Y41="NO AMERITA MC",Y41="EN PROCESO"),"","")))))) | AE41: =IF(U41="","",IF(AD41="","",_xlfn.WORKDAY.INTL(AD41,7,1,FERIADOS))) | AG41: {=IF(A41="","",IF(AF41="","",AF41*INDEX(PARAMETROS!F$2:F1104,MATCH(YEAR(AC41),PARAMETROS!E$2:E1104,0),1)))} | AQ41: =IF($A41="","",IF(OR(AB41="",AL41="EN EJECUCIÓN"),"EN PROCESO", IF(AE41="","INDICAR FECHA DE NOTIFICACIÓN",IF(AM41="","NO PAGÓ MULTA",IF(AM41="",IF(TODAY()<=AE41,"EN PLAZO","VENCIDO"),IF(AM41<=AE41,"PAGADO EN PLAZO","PAGADO FUERA DE PLAZO")))))) | AR41: {=IF(A41="","",IFERROR(INDEX('2) Etapas'!L$3:L923,MATCH(B41,'2) Etapas'!$A$4:$A923,0),1),-1))} | AS41: =IF(A41="","",A41) | AT41: =IF(A41="","",IF(AU41="","MULTA EN ELABORACIÓN", "MULTA IMPUESTA")) | AU41: =IF(OR($A41="",$AB41="", $AC41=""),"", INDEX($AB$4:$AB960,MATCH(CONCATENATE($A41,$AV41),$A$4:$A960&$AC$4:$AC960,0),1)) | AV41: {=IF(OR($A41="",$AB41="", $AC41=""),"",MAXA(IF($A41=$A$4:$A923,$AC$4:$AC923)))}
B42: =IF(A42="","",IF(E42="","INDICAR NÚMERO DE PROYECTO",CONCATENATE("MULTA COERCITIVA - ",E42,"/",F42))) | D42: =IF(A42="","",IF(AL42<>"","EN ETAPA DE COBRANZA",IF(AH42<>"","EN SEGUIMIENTO DE MULTA",IF(AB42<>"","EN IMPOISICIÓN DE MULTA",IF(Q42<>"","EN ETAPA DE ÁNALISIS DE DESCARGOS",IF(OR(P43="VENCIDO", P43="EN PLAZO"),"EN ETAPA DE DESCARGOS","EN ETAPA DE DESCARGOS")))))) | F42: {=IF($A42="","",IFERROR(INDEX(MA_INDIVIDUALES!C$2:C923, MATCH($A42,MA_INDIVIDUALES!$B$2:$B923,0),1),"CÓDIGO DE EXPEDIENTE INVÁLIDO"))} | G42: {=IF($A42="","",IFERROR(INDEX(MA_INDIVIDUALES!K$2:K923, MATCH($A42,MA_INDIVIDUALES!$B$2:$B923,0),1),"CÓDIGO DE EXPEDIENTE INVÁLIDO"))} | H42: {=IF($A42="","",IFERROR(INDEX(MA_INDIVIDUALES!L$2:L923, MATCH($A42,MA_INDIVIDUALES!$B$2:$B923,0),1),"CÓDIGO DE EXPEDIENTE INVÁLIDO"))} | L42: =IF(A42="","",IF(K42="","",_xlfn.WORKDAY.INTL(K42,5,1,FERIADOS))) | P42: =IF(A42="","",IF(M42="NO","NO PRESENTÓ DESCARGOS",IF(N42="",IF(TODAY()<=L42,"EN PLAZO","VENCIDO"),IF(N42<=L42,"PRESENTADO EN PLAZO","PRESENTADO FUERA DE PLAZO")))) | Y42: =IF(A42="","",IF(U42="SI","ELABORAR MC",IF(U42="NO","NO AMERITA ELABORAR MC","EN PROCESO"))) | Z42: =IF(A42="","",IF(AND(AR42=-1,Y42="ELABORAR MC"),"SIN REGISTRO DE ETAPAS",IF(AND(AR42=0,Y42="ELABORAR MC"),"EN PROCESO",IF(AND(AR42=1,Y42="ELABORAR MC",AB42=""),"EN ESPERA DE REGISTRO DE RESOLUCIÓN",IF(AND(AR42=1,Y42="ELABORAR MC",AB42<>""),"TERMINADO",IF(OR(Y42="NO AMERITA MC",Y42="EN PROCESO"),"","")))))) | AE42: =IF(U42="","",IF(AD42="","",_xlfn.WORKDAY.INTL(AD42,7,1,FERIADOS))) | AG42: {=IF(A42="","",IF(AF42="","",AF42*INDEX(PARAMETROS!F$2:F1105,MATCH(YEAR(AC42),PARAMETROS!E$2:E1105,0),1)))} | AQ42: =IF($A42="","",IF(OR(AB42="",AL42="EN EJECUCIÓN"),"EN PROCESO", IF(AE42="","INDICAR FECHA DE NOTIFICACIÓN",IF(AM42="","NO PAGÓ MULTA",IF(AM42="",IF(TODAY()<=AE42,"EN PLAZO","VENCIDO"),IF(AM42<=AE42,"PAGADO EN PLAZO","PAGADO FUERA DE PLAZO")))))) | AR42: {=IF(A42="","",IFERROR(INDEX('2) Etapas'!L$3:L923,MATCH(B42,'2) Etapas'!$A$4:$A923,0),1),-1))} | AS42: =IF(A42="","",A42) | AT42: =IF(A42="","",IF(AU42="","MULTA EN ELABORACIÓN", "MULTA IMPUESTA")) | AU42: =IF(OR($A42="",$AB42="", $AC42=""),"", INDEX($AB$4:$AB961,MATCH(CONCATENATE($A42,$AV42),$A$4:$A961&$AC$4:$AC961,0),1)) | AV42: {=IF(OR($A42="",$AB42="", $AC42=""),"",MAXA(IF($A42=$A$4:$A923,$AC$4:$AC923)))}
B43: =IF(A43="","",IF(E43="","INDICAR NÚMERO DE PROYECTO",CONCATENATE("MULTA COERCITIVA - ",E43,"/",F43))) | D43: =IF(A43="","",IF(AL43<>"","EN ETAPA DE COBRANZA",IF(AH43<>"","EN SEGUIMIENTO DE MULTA",IF(AB43<>"","EN IMPOISICIÓN DE MULTA",IF(Q43<>"","EN ETAPA DE ÁNALISIS DE DESCARGOS",IF(OR(P44="VENCIDO", P44="EN PLAZO"),"EN ETAPA DE DESCARGOS","EN ETAPA DE DESCARGOS")))))) | F43: {=IF($A43="","",IFERROR(INDEX(MA_INDIVIDUALES!C$2:C923, MATCH($A43,MA_INDIVIDUALES!$B$2:$B923,0),1),"CÓDIGO DE EXPEDIENTE INVÁLIDO"))} | G43: {=IF($A43="","",IFERROR(INDEX(MA_INDIVIDUALES!K$2:K923, MATCH($A43,MA_INDIVIDUALES!$B$2:$B923,0),1),"CÓDIGO DE EXPEDIENTE INVÁLIDO"))} | H43: {=IF($A43="","",IFERROR(INDEX(MA_INDIVIDUALES!L$2:L923, MATCH($A43,MA_INDIVIDUALES!$B$2:$B923,0),1),"CÓDIGO DE EXPEDIENTE INVÁLIDO"))} | L43: =IF(A43="","",IF(K43="","",_xlfn.WORKDAY.INTL(K43,5,1,FERIADOS))) | P43: =IF(A43="","",IF(M43="NO","NO PRESENTÓ DESCARGOS",IF(N43="",IF(TODAY()<=L43,"EN PLAZO","VENCIDO"),IF(N43<=L43,"PRESENTADO EN PLAZO","PRESENTADO FUERA DE PLAZO")))) | Y43: =IF(A43="","",IF(U43="SI","ELABORAR MC",IF(U43="NO","NO AMERITA ELABORAR MC","EN PROCESO"))) | Z43: =IF(A43="","",IF(AND(AR43=-1,Y43="ELABORAR MC"),"SIN REGISTRO DE ETAPAS",IF(AND(AR43=0,Y43="ELABORAR MC"),"EN PROCESO",IF(AND(AR43=1,Y43="ELABORAR MC",AB43=""),"EN ESPERA DE REGISTRO DE RESOLUCIÓN",IF(AND(AR43=1,Y43="ELABORAR MC",AB43<>""),"TERMINADO",IF(OR(Y43="NO AMERITA MC",Y43="EN PROCESO"),"","")))))) | AE43: =IF(U43="","",IF(AD43="","",_xlfn.WORKDAY.INTL(AD43,7,1,FERIADOS))) | AG43: {=IF(A43="","",IF(AF43="","",AF43*INDEX(PARAMETROS!F$2:F1106,MATCH(YEAR(AC43),PARAMETROS!E$2:E1106,0),1)))} | AQ43: =IF($A43="","",IF(OR(AB43="",AL43="EN EJECUCIÓN"),"EN PROCESO", IF(AE43="","INDICAR FECHA DE NOTIFICACIÓN",IF(AM43="","NO PAGÓ MULTA",IF(AM43="",IF(TODAY()<=AE43,"EN PLAZO","VENCIDO"),IF(AM43<=AE43,"PAGADO EN PLAZO","PAGADO FUERA DE PLAZO")))))) | AR43: {=IF(A43="","",IFERROR(INDEX('2) Etapas'!L$3:L923,MATCH(B43,'2) Etapas'!$A$4:$A923,0),1),-1))} | AS43: =IF(A43="","",A43) | AT43: =IF(A43="","",IF(AU43="","MULTA EN ELABORACIÓN", "MULTA IMPUESTA")) | AU43: =IF(OR($A43="",$AB43="", $AC43=""),"", INDEX($AB$4:$AB962,MATCH(CONCATENATE($A43,$AV43),$A$4:$A962&$AC$4:$AC962,0),1)) | AV43: {=IF(OR($A43="",$AB43="", $AC43=""),"",MAXA(IF($A43=$A$4:$A923,$AC$4:$AC923)))}
B44: =IF(A44="","",IF(E44="","INDICAR NÚMERO DE PROYECTO",CONCATENATE("MULTA COERCITIVA - ",E44,"/",F44))) | D44: =IF(A44="","",IF(AL44<>"","EN ETAPA DE COBRANZA",IF(AH44<>"","EN SEGUIMIENTO DE MULTA",IF(AB44<>"","EN IMPOISICIÓN DE MULTA",IF(Q44<>"","EN ETAPA DE ÁNALISIS DE DESCARGOS",IF(OR(P45="VENCIDO", P45="EN PLAZO"),"EN ETAPA DE DESCARGOS","EN ETAPA DE DESCARGOS")))))) | F44: {=IF($A44="","",IFERROR(INDEX(MA_INDIVIDUALES!C$2:C923, MATCH($A44,MA_INDIVIDUALES!$B$2:$B923,0),1),"CÓDIGO DE EXPEDIENTE INVÁLIDO"))} | G44: {=IF($A44="","",IFERROR(INDEX(MA_INDIVIDUALES!K$2:K923, MATCH($A44,MA_INDIVIDUALES!$B$2:$B923,0),1),"CÓDIGO DE EXPEDIENTE INVÁLIDO"))} | H44: {=IF($A44="","",IFERROR(INDEX(MA_INDIVIDUALES!L$2:L923, MATCH($A44,MA_INDIVIDUALES!$B$2:$B923,0),1),"CÓDIGO DE EXPEDIENTE INVÁLIDO"))} | L44: =IF(A44="","",IF(K44="","",_xlfn.WORKDAY.INTL(K44,5,1,FERIADOS))) | P44: =IF(A44="","",IF(M44="NO","NO PRESENTÓ DESCARGOS",IF(N44="",IF(TODAY()<=L44,"EN PLAZO","VENCIDO"),IF(N44<=L44,"PRESENTADO EN PLAZO","PRESENTADO FUERA DE PLAZO")))) | Y44: =IF(A44="","",IF(U44="SI","ELABORAR MC",IF(U44="NO","NO AMERITA ELABORAR MC","EN PROCESO"))) | Z44: =IF(A44="","",IF(AND(AR44=-1,Y44="ELABORAR MC"),"SIN REGISTRO DE ETAPAS",IF(AND(AR44=0,Y44="ELABORAR MC"),"EN PROCESO",IF(AND(AR44=1,Y44="ELABORAR MC",AB44=""),"EN ESPERA DE REGISTRO DE RESOLUCIÓN",IF(AND(AR44=1,Y44="ELABORAR MC",AB44<>""),"TERMINADO",IF(OR(Y44="NO AMERITA MC",Y44="EN PROCESO"),"","")))))) | AE44: =IF(U44="","",IF(AD44="","",_xlfn.WORKDAY.INTL(AD44,7,1,FERIADOS))) | AG44: {=IF(A44="","",IF(AF44="","",AF44*INDEX(PARAMETROS!F$2:F1107,MATCH(YEAR(AC44),PARAMETROS!E$2:E1107,0),1)))} | AQ44: =IF($A44="","",IF(OR(AB44="",AL44="EN EJECUCIÓN"),"EN PROCESO", IF(AE44="","INDICAR FECHA DE NOTIFICACIÓN",IF(AM44="","NO PAGÓ MULTA",IF(AM44="",IF(TODAY()<=AE44,"EN PLAZO","VENCIDO"),IF(AM44<=AE44,"PAGADO EN PLAZO","PAGADO FUERA DE PLAZO")))))) | AR44: {=IF(A44="","",IFERROR(INDEX('2) Etapas'!L$3:L923,MATCH(B44,'2) Etapas'!$A$4:$A923,0),1),-1))} | AS44: =IF(A44="","",A44) | AT44: =IF(A44="","",IF(AU44="","MULTA EN ELABORACIÓN", "MULTA IMPUESTA")) | AU44: =IF(OR($A44="",$AB44="", $AC44=""),"", INDEX($AB$4:$AB963,MATCH(CONCATENATE($A44,$AV44),$A$4:$A963&$AC$4:$AC963,0),1)) | AV44: {=IF(OR($A44="",$AB44="", $AC44=""),"",MAXA(IF($A44=$A$4:$A923,$AC$4:$AC923)))}
B45: =IF(A45="","",IF(E45="","INDICAR NÚMERO DE PROYECTO",CONCATENATE("MULTA COERCITIVA - ",E45,"/",F45))) | D45: =IF(A45="","",IF(AL45<>"","EN ETAPA DE COBRANZA",IF(AH45<>"","EN SEGUIMIENTO DE MULTA",IF(AB45<>"","EN IMPOISICIÓN DE MULTA",IF(Q45<>"","EN ETAPA DE ÁNALISIS DE DESCARGOS",IF(OR(P46="VENCIDO", P46="EN PLAZO"),"EN ETAPA DE DESCARGOS","EN ETAPA DE DESCARGOS")))))) | F45: {=IF($A45="","",IFERROR(INDEX(MA_INDIVIDUALES!C$2:C923, MATCH($A45,MA_INDIVIDUALES!$B$2:$B923,0),1),"CÓDIGO DE EXPEDIENTE INVÁLIDO"))} | G45: {=IF($A45="","",IFERROR(INDEX(MA_INDIVIDUALES!K$2:K923, MATCH($A45,MA_INDIVIDUALES!$B$2:$B923,0),1),"CÓDIGO DE EXPEDIENTE INVÁLIDO"))} | H45: {=IF($A45="","",IFERROR(INDEX(MA_INDIVIDUALES!L$2:L923, MATCH($A45,MA_INDIVIDUALES!$B$2:$B923,0),1),"CÓDIGO DE EXPEDIENTE INVÁLIDO"))} | L45: =IF(A45="","",IF(K45="","",_xlfn.WORKDAY.INTL(K45,5,1,FERIADOS))) | P45: =IF(A45="","",IF(M45="NO","NO PRESENTÓ DESCARGOS",IF(N45="",IF(TODAY()<=L45,"EN PLAZO","VENCIDO"),IF(N45<=L45,"PRESENTADO EN PLAZO","PRESENTADO FUERA DE PLAZO")))) | Y45: =IF(A45="","",IF(U45="SI","ELABORAR MC",IF(U45="NO","NO AMERITA ELABORAR MC","EN PROCESO"))) | Z45: =IF(A45="","",IF(AND(AR45=-1,Y45="ELABORAR MC"),"SIN REGISTRO DE ETAPAS",IF(AND(AR45=0,Y45="ELABORAR MC"),"EN PROCESO",IF(AND(AR45=1,Y45="ELABORAR MC",AB45=""),"EN ESPERA DE REGISTRO DE RESOLUCIÓN",IF(AND(AR45=1,Y45="ELABORAR MC",AB45<>""),"TERMINADO",IF(OR(Y45="NO AMERITA MC",Y45="EN PROCESO"),"","")))))) | AE45: =IF(U45="","",IF(AD45="","",_xlfn.WORKDAY.INTL(AD45,7,1,FERIADOS))) | AG45: {=IF(A45="","",IF(AF45="","",AF45*INDEX(PARAMETROS!F$2:F1108,MATCH(YEAR(AC45),PARAMETROS!E$2:E1108,0),1)))} | AQ45: =IF($A45="","",IF(OR(AB45="",AL45="EN EJECUCIÓN"),"EN PROCESO", IF(AE45="","INDICAR FECHA DE NOTIFICACIÓN",IF(AM45="","NO PAGÓ MULTA",IF(AM45="",IF(TODAY()<=AE45,"EN PLAZO","VENCIDO"),IF(AM45<=AE45,"PAGADO EN PLAZO","PAGADO FUERA DE PLAZO")))))) | AR45: {=IF(A45="","",IFERROR(INDEX('2) Etapas'!L$3:L923,MATCH(B45,'2) Etapas'!$A$4:$A923,0),1),-1))} | AS45: =IF(A45="","",A45) | AT45: =IF(A45="","",IF(AU45="","MULTA EN ELABORACIÓN", "MULTA IMPUESTA")) | AU45: =IF(OR($A45="",$AB45="", $AC45=""),"", INDEX($AB$4:$AB964,MATCH(CONCATENATE($A45,$AV45),$A$4:$A964&$AC$4:$AC964,0),1)) | AV45: {=IF(OR($A45="",$AB45="", $AC45=""),"",MAXA(IF($A45=$A$4:$A923,$AC$4:$AC923)))}
B46: =IF(A46="","",IF(E46="","INDICAR NÚMERO DE PROYECTO",CONCATENATE("MULTA COERCITIVA - ",E46,"/",F46))) | D46: =IF(A46="","",IF(AL46<>"","EN ETAPA DE COBRANZA",IF(AH46<>"","EN SEGUIMIENTO DE MULTA",IF(AB46<>"","EN IMPOISICIÓN DE MULTA",IF(Q46<>"","EN ETAPA DE ÁNALISIS DE DESCARGOS",IF(OR(P47="VENCIDO", P47="EN PLAZO"),"EN ETAPA DE DESCARGOS","EN ETAPA DE DESCARGOS")))))) | F46: {=IF($A46="","",IFERROR(INDEX(MA_INDIVIDUALES!C$2:C923, MATCH($A46,MA_INDIVIDUALES!$B$2:$B923,0),1),"CÓDIGO DE EXPEDIENTE INVÁLIDO"))} | G46: {=IF($A46="","",IFERROR(INDEX(MA_INDIVIDUALES!K$2:K923, MATCH($A46,MA_INDIVIDUALES!$B$2:$B923,0),1),"CÓDIGO DE EXPEDIENTE INVÁLIDO"))} | H46: {=IF($A46="","",IFERROR(INDEX(MA_INDIVIDUALES!L$2:L923, MATCH($A46,MA_INDIVIDUALES!$B$2:$B923,0),1),"CÓDIGO DE EXPEDIENTE INVÁLIDO"))} | L46: =IF(A46="","",IF(K46="","",_xlfn.WORKDAY.INTL(K46,5,1,FERIADOS))) | P46: =IF(A46="","",IF(M46="NO","NO PRESENTÓ DESCARGOS",IF(N46="",IF(TODAY()<=L46,"EN PLAZO","VENCIDO"),IF(N46<=L46,"PRESENTADO EN PLAZO","PRESENTADO FUERA DE PLAZO")))) | Y46: =IF(A46="","",IF(U46="SI","ELABORAR MC",IF(U46="NO","NO AMERITA ELABORAR MC","EN PROCESO"))) | Z46: =IF(A46="","",IF(AND(AR46=-1,Y46="ELABORAR MC"),"SIN REGISTRO DE ETAPAS",IF(AND(AR46=0,Y46="ELABORAR MC"),"EN PROCESO",IF(AND(AR46=1,Y46="ELABORAR MC",AB46=""),"EN ESPERA DE REGISTRO DE RESOLUCIÓN",IF(AND(AR46=1,Y46="ELABORAR MC",AB46<>""),"TERMINADO",IF(OR(Y46="NO AMERITA MC",Y46="EN PROCESO"),"","")))))) | AE46: =IF(U46="","",IF(AD46="","",_xlfn.WORKDAY.INTL(AD46,7,1,FERIADOS))) | AG46: {=IF(A46="","",IF(AF46="","",AF46*INDEX(PARAMETROS!F$2:F1109,MATCH(YEAR(AC46),PARAMETROS!E$2:E1109,0),1)))} | AQ46: =IF($A46="","",IF(OR(AB46="",AL46="EN EJECUCIÓN"),"EN PROCESO", IF(AE46="","INDICAR FECHA DE NOTIFICACIÓN",IF(AM46="","NO PAGÓ MULTA",IF(AM46="",IF(TODAY()<=AE46,"EN PLAZO","VENCIDO"),IF(AM46<=AE46,"PAGADO EN PLAZO","PAGADO FUERA DE PLAZO")))))) | AR46: {=IF(A46="","",IFERROR(INDEX('2) Etapas'!L$3:L923,MATCH(B46,'2) Etapas'!$A$4:$A923,0),1),-1))} | AS46: =IF(A46="","",A46) | AT46: =IF(A46="","",IF(AU46="","MULTA EN ELABORACIÓN", "MULTA IMPUESTA")) | AU46: =IF(OR($A46="",$AB46="", $AC46=""),"", INDEX($AB$4:$AB965,MATCH(CONCATENATE($A46,$AV46),$A$4:$A965&$AC$4:$AC965,0),1)) | AV46: {=IF(OR($A46="",$AB46="", $AC46=""),"",MAXA(IF($A46=$A$4:$A923,$AC$4:$AC923)))}
B47: =IF(A47="","",IF(E47="","INDICAR NÚMERO DE PROYECTO",CONCATENATE("MULTA COERCITIVA - ",E47,"/",F47))) | D47: =IF(A47="","",IF(AL47<>"","EN ETAPA DE COBRANZA",IF(AH47<>"","EN SEGUIMIENTO DE MULTA",IF(AB47<>"","EN IMPOISICIÓN DE MULTA",IF(Q47<>"","EN ETAPA DE ÁNALISIS DE DESCARGOS",IF(OR(P48="VENCIDO", P48="EN PLAZO"),"EN ETAPA DE DESCARGOS","EN ETAPA DE DESCARGOS")))))) | F47: {=IF($A47="","",IFERROR(INDEX(MA_INDIVIDUALES!C$2:C923, MATCH($A47,MA_INDIVIDUALES!$B$2:$B923,0),1),"CÓDIGO DE EXPEDIENTE INVÁLIDO"))} | G47: {=IF($A47="","",IFERROR(INDEX(MA_INDIVIDUALES!K$2:K923, MATCH($A47,MA_INDIVIDUALES!$B$2:$B923,0),1),"CÓDIGO DE EXPEDIENTE INVÁLIDO"))} | H47: {=IF($A47="","",IFERROR(INDEX(MA_INDIVIDUALES!L$2:L923, MATCH($A47,MA_INDIVIDUALES!$B$2:$B923,0),1),"CÓDIGO DE EXPEDIENTE INVÁLIDO"))} | L47: =IF(A47="","",IF(K47="","",_xlfn.WORKDAY.INTL(K47,5,1,FERIADOS))) | P47: =IF(A47="","",IF(M47="NO","NO PRESENTÓ DESCARGOS",IF(N47="",IF(TODAY()<=L47,"EN PLAZO","VENCIDO"),IF(N47<=L47,"PRESENTADO EN PLAZO","PRESENTADO FUERA DE PLAZO")))) | Y47: =IF(A47="","",IF(U47="SI","ELABORAR MC",IF(U47="NO","NO AMERITA ELABORAR MC","EN PROCESO"))) | Z47: =IF(A47="","",IF(AND(AR47=-1,Y47="ELABORAR MC"),"SIN REGISTRO DE ETAPAS",IF(AND(AR47=0,Y47="ELABORAR MC"),"EN PROCESO",IF(AND(AR47=1,Y47="ELABORAR MC",AB47=""),"EN ESPERA DE REGISTRO DE RESOLUCIÓN",IF(AND(AR47=1,Y47="ELABORAR MC",AB47<>""),"TERMINADO",IF(OR(Y47="NO AMERITA MC",Y47="EN PROCESO"),"","")))))) | AE47: =IF(U47="","",IF(AD47="","",_xlfn.WORKDAY.INTL(AD47,7,1,FERIADOS))) | AG47: {=IF(A47="","",IF(AF47="","",AF47*INDEX(PARAMETROS!F$2:F1110,MATCH(YEAR(AC47),PARAMETROS!E$2:E1110,0),1)))} | AQ47: =IF($A47="","",IF(OR(AB47="",AL47="EN EJECUCIÓN"),"EN PROCESO", IF(AE47="","INDICAR FECHA DE NOTIFICACIÓN",IF(AM47="","NO PAGÓ MULTA",IF(AM47="",IF(TODAY()<=AE47,"EN PLAZO","VENCIDO"),IF(AM47<=AE47,"PAGADO EN PLAZO","PAGADO FUERA DE PLAZO")))))) | AR47: {=IF(A47="","",IFERROR(INDEX('2) Etapas'!L$3:L923,MATCH(B47,'2) Etapas'!$A$4:$A923,0),1),-1))} | AS47: =IF(A47="","",A47) | AT47: =IF(A47="","",IF(AU47="","MULTA EN ELABORACIÓN", "MULTA IMPUESTA")) | AU47: =IF(OR($A47="",$AB47="", $AC47=""),"", INDEX($AB$4:$AB966,MATCH(CONCATENATE($A47,$AV47),$A$4:$A966&$AC$4:$AC966,0),1)) | AV47: {=IF(OR($A47="",$AB47="", $AC47=""),"",MAXA(IF($A47=$A$4:$A923,$AC$4:$AC923)))}
B48: =IF(A48="","",IF(E48="","INDICAR NÚMERO DE PROYECTO",CONCATENATE("MULTA COERCITIVA - ",E48,"/",F48))) | D48: =IF(A48="","",IF(AL48<>"","EN ETAPA DE COBRANZA",IF(AH48<>"","EN SEGUIMIENTO DE MULTA",IF(AB48<>"","EN IMPOISICIÓN DE MULTA",IF(Q48<>"","EN ETAPA DE ÁNALISIS DE DESCARGOS",IF(OR(P49="VENCIDO", P49="EN PLAZO"),"EN ETAPA DE DESCARGOS","EN ETAPA DE DESCARGOS")))))) | F48: {=IF($A48="","",IFERROR(INDEX(MA_INDIVIDUALES!C$2:C923, MATCH($A48,MA_INDIVIDUALES!$B$2:$B923,0),1),"CÓDIGO DE EXPEDIENTE INVÁLIDO"))} | G48: {=IF($A48="","",IFERROR(INDEX(MA_INDIVIDUALES!K$2:K923, MATCH($A48,MA_INDIVIDUALES!$B$2:$B923,0),1),"CÓDIGO DE EXPEDIENTE INVÁLIDO"))} | H48: {=IF($A48="","",IFERROR(INDEX(MA_INDIVIDUALES!L$2:L923, MATCH($A48,MA_INDIVIDUALES!$B$2:$B923,0),1),"CÓDIGO DE EXPEDIENTE INVÁLIDO"))} | L48: =IF(A48="","",IF(K48="","",_xlfn.WORKDAY.INTL(K48,5,1,FERIADOS))) | P48: =IF(A48="","",IF(M48="NO","NO PRESENTÓ DESCARGOS",IF(N48="",IF(TODAY()<=L48,"EN PLAZO","VENCIDO"),IF(N48<=L48,"PRESENTADO EN PLAZO","PRESENTADO FUERA DE PLAZO")))) | Y48: =IF(A48="","",IF(U48="SI","ELABORAR MC",IF(U48="NO","NO AMERITA ELABORAR MC","EN PROCESO"))) | Z48: =IF(A48="","",IF(AND(AR48=-1,Y48="ELABORAR MC"),"SIN REGISTRO DE ETAPAS",IF(AND(AR48=0,Y48="ELABORAR MC"),"EN PROCESO",IF(AND(AR48=1,Y48="ELABORAR MC",AB48=""),"EN ESPERA DE REGISTRO DE RESOLUCIÓN",IF(AND(AR48=1,Y48="ELABORAR MC",AB48<>""),"TERMINADO",IF(OR(Y48="NO AMERITA MC",Y48="EN PROCESO"),"","")))))) | AE48: =IF(U48="","",IF(AD48="","",_xlfn.WORKDAY.INTL(AD48,7,1,FERIADOS))) | AG48: {=IF(A48="","",IF(AF48="","",AF48*INDEX(PARAMETROS!F$2:F1111,MATCH(YEAR(AC48),PARAMETROS!E$2:E1111,0),1)))} | AQ48: =IF($A48="","",IF(OR(AB48="",AL48="EN EJECUCIÓN"),"EN PROCESO", IF(AE48="","INDICAR FECHA DE NOTIFICACIÓN",IF(AM48="","NO PAGÓ MULTA",IF(AM48="",IF(TODAY()<=AE48,"EN PLAZO","VENCIDO"),IF(AM48<=AE48,"PAGADO EN PLAZO","PAGADO FUERA DE PLAZO")))))) | AR48: {=IF(A48="","",IFERROR(INDEX('2) Etapas'!L$3:L923,MATCH(B48,'2) Etapas'!$A$4:$A923,0),1),-1))} | AS48: =IF(A48="","",A48) | AT48: =IF(A48="","",IF(AU48="","MULTA EN ELABORACIÓN", "MULTA IMPUESTA")) | AU48: =IF(OR($A48="",$AB48="", $AC48=""),"", INDEX($AB$4:$AB967,MATCH(CONCATENATE($A48,$AV48),$A$4:$A967&$AC$4:$AC967,0),1)) | AV48: {=IF(OR($A48="",$AB48="", $AC48=""),"",MAXA(IF($A48=$A$4:$A923,$AC$4:$AC923)))}
B49: =IF(A49="","",IF(E49="","INDICAR NÚMERO DE PROYECTO",CONCATENATE("MULTA COERCITIVA - ",E49,"/",F49))) | D49: =IF(A49="","",IF(AL49<>"","EN ETAPA DE COBRANZA",IF(AH49<>"","EN SEGUIMIENTO DE MULTA",IF(AB49<>"","EN IMPOISICIÓN DE MULTA",IF(Q49<>"","EN ETAPA DE ÁNALISIS DE DESCARGOS",IF(OR(P50="VENCIDO", P50="EN PLAZO"),"EN ETAPA DE DESCARGOS","EN ETAPA DE DESCARGOS")))))) | F49: {=IF($A49="","",IFERROR(INDEX(MA_INDIVIDUALES!C$2:C923, MATCH($A49,MA_INDIVIDUALES!$B$2:$B923,0),1),"CÓDIGO DE EXPEDIENTE INVÁLIDO"))} | G49: {=IF($A49="","",IFERROR(INDEX(MA_INDIVIDUALES!K$2:K923, MATCH($A49,MA_INDIVIDUALES!$B$2:$B923,0),1),"CÓDIGO DE EXPEDIENTE INVÁLIDO"))} | H49: {=IF($A49="","",IFERROR(INDEX(MA_INDIVIDUALES!L$2:L923, MATCH($A49,MA_INDIVIDUALES!$B$2:$B923,0),1),"CÓDIGO DE EXPEDIENTE INVÁLIDO"))} | L49: =IF(A49="","",IF(K49="","",_xlfn.WORKDAY.INTL(K49,5,1,FERIADOS))) | P49: =IF(A49="","",IF(M49="NO","NO PRESENTÓ DESCARGOS",IF(N49="",IF(TODAY()<=L49,"EN PLAZO","VENCIDO"),IF(N49<=L49,"PRESENTADO EN PLAZO","PRESENTADO FUERA DE PLAZO")))) | Y49: =IF(A49="","",IF(U49="SI","ELABORAR MC",IF(U49="NO","NO AMERITA ELABORAR MC","EN PROCESO"))) | Z49: =IF(A49="","",IF(AND(AR49=-1,Y49="ELABORAR MC"),"SIN REGISTRO DE ETAPAS",IF(AND(AR49=0,Y49="ELABORAR MC"),"EN PROCESO",IF(AND(AR49=1,Y49="ELABORAR MC",AB49=""),"EN ESPERA DE REGISTRO DE RESOLUCIÓN",IF(AND(AR49=1,Y49="ELABORAR MC",AB49<>""),"TERMINADO",IF(OR(Y49="NO AMERITA MC",Y49="EN PROCESO"),"","")))))) | AE49: =IF(U49="","",IF(AD49="","",_xlfn.WORKDAY.INTL(AD49,7,1,FERIADOS))) | AG49: {=IF(A49="","",IF(AF49="","",AF49*INDEX(PARAMETROS!F$2:F1112,MATCH(YEAR(AC49),PARAMETROS!E$2:E1112,0),1)))} | AQ49: =IF($A49="","",IF(OR(AB49="",AL49="EN EJECUCIÓN"),"EN PROCESO", IF(AE49="","INDICAR FECHA DE NOTIFICACIÓN",IF(AM49="","NO PAGÓ MULTA",IF(AM49="",IF(TODAY()<=AE49,"EN PLAZO","VENCIDO"),IF(AM49<=AE49,"PAGADO EN PLAZO","PAGADO FUERA DE PLAZO")))))) | AR49: {=IF(A49="","",IFERROR(INDEX('2) Etapas'!L$3:L923,MATCH(B49,'2) Etapas'!$A$4:$A923,0),1),-1))} | AS49: =IF(A49="","",A49) | AT49: =IF(A49="","",IF(AU49="","MULTA EN ELABORACIÓN", "MULTA IMPUESTA")) | AU49: =IF(OR($A49="",$AB49="", $AC49=""),"", INDEX($AB$4:$AB968,MATCH(CONCATENATE($A49,$AV49),$A$4:$A968&$AC$4:$AC968,0),1)) | AV49: {=IF(OR($A49="",$AB49="", $AC49=""),"",MAXA(IF($A49=$A$4:$A923,$AC$4:$AC923)))}
B50: =IF(A50="","",IF(E50="","INDICAR NÚMERO DE PROYECTO",CONCATENATE("MULTA COERCITIVA - ",E50,"/",F50))) | D50: =IF(A50="","",IF(AL50<>"","EN ETAPA DE COBRANZA",IF(AH50<>"","EN SEGUIMIENTO DE MULTA",IF(AB50<>"","EN IMPOISICIÓN DE MULTA",IF(Q50<>"","EN ETAPA DE ÁNALISIS DE DESCARGOS",IF(OR(P51="VENCIDO", P51="EN PLAZO"),"EN ETAPA DE DESCARGOS","EN ETAPA DE DESCARGOS")))))) | F50: {=IF($A50="","",IFERROR(INDEX(MA_INDIVIDUALES!C$2:C923, MATCH($A50,MA_INDIVIDUALES!$B$2:$B923,0),1),"CÓDIGO DE EXPEDIENTE INVÁLIDO"))} | G50: {=IF($A50="","",IFERROR(INDEX(MA_INDIVIDUALES!K$2:K923, MATCH($A50,MA_INDIVIDUALES!$B$2:$B923,0),1),"CÓDIGO DE EXPEDIENTE INVÁLIDO"))} | H50: {=IF($A50="","",IFERROR(INDEX(MA_INDIVIDUALES!L$2:L923, MATCH($A50,MA_INDIVIDUALES!$B$2:$B923,0),1),"CÓDIGO DE EXPEDIENTE INVÁLIDO"))} | L50: =IF(A50="","",IF(K50="","",_xlfn.WORKDAY.INTL(K50,5,1,FERIADOS))) | P50: =IF(A50="","",IF(M50="NO","NO PRESENTÓ DESCARGOS",IF(N50="",IF(TODAY()<=L50,"EN PLAZO","VENCIDO"),IF(N50<=L50,"PRESENTADO EN PLAZO","PRESENTADO FUERA DE PLAZO")))) | Y50: =IF(A50="","",IF(U50="SI","ELABORAR MC",IF(U50="NO","NO AMERITA ELABORAR MC","EN PROCESO"))) | Z50: =IF(A50="","",IF(AND(AR50=-1,Y50="ELABORAR MC"),"SIN REGISTRO DE ETAPAS",IF(AND(AR50=0,Y50="ELABORAR MC"),"EN PROCESO",IF(AND(AR50=1,Y50="ELABORAR MC",AB50=""),"EN ESPERA DE REGISTRO DE RESOLUCIÓN",IF(AND(AR50=1,Y50="ELABORAR MC",AB50<>""),"TERMINADO",IF(OR(Y50="NO AMERITA MC",Y50="EN PROCESO"),"","")))))) | AE50: =IF(U50="","",IF(AD50="","",_xlfn.WORKDAY.INTL(AD50,7,1,FERIADOS))) | AG50: {=IF(A50="","",IF(AF50="","",AF50*INDEX(PARAMETROS!F$2:F1113,MATCH(YEAR(AC50),PARAMETROS!E$2:E1113,0),1)))} | AQ50: =IF($A50="","",IF(OR(AB50="",AL50="EN EJECUCIÓN"),"EN PROCESO", IF(AE50="","INDICAR FECHA DE NOTIFICACIÓN",IF(AM50="","NO PAGÓ MULTA",IF(AM50="",IF(TODAY()<=AE50,"EN PLAZO","VENCIDO"),IF(AM50<=AE50,"PAGADO EN PLAZO","PAGADO FUERA DE PLAZO")))))) | AR50: {=IF(A50="","",IFERROR(INDEX('2) Etapas'!L$3:L923,MATCH(B50,'2) Etapas'!$A$4:$A923,0),1),-1))} | AS50: =IF(A50="","",A50) | AT50: =IF(A50="","",IF(AU50="","MULTA EN ELABORACIÓN", "MULTA IMPUESTA")) | AU50: =IF(OR($A50="",$AB50="", $AC50=""),"", INDEX($AB$4:$AB969,MATCH(CONCATENATE($A50,$AV50),$A$4:$A969&$AC$4:$AC969,0),1)) | AV50: {=IF(OR($A50="",$AB50="", $AC50=""),"",MAXA(IF($A50=$A$4:$A923,$AC$4:$AC923)))}
B51: =IF(A51="","",IF(E51="","INDICAR NÚMERO DE PROYECTO",CONCATENATE("MULTA COERCITIVA - ",E51,"/",F51))) | D51: =IF(A51="","",IF(AL51<>"","EN ETAPA DE COBRANZA",IF(AH51<>"","EN SEGUIMIENTO DE MULTA",IF(AB51<>"","EN IMPOISICIÓN DE MULTA",IF(Q51<>"","EN ETAPA DE ÁNALISIS DE DESCARGOS",IF(OR(P52="VENCIDO", P52="EN PLAZO"),"EN ETAPA DE DESCARGOS","EN ETAPA DE DESCARGOS")))))) | F51: {=IF($A51="","",IFERROR(INDEX(MA_INDIVIDUALES!C$2:C923, MATCH($A51,MA_INDIVIDUALES!$B$2:$B923,0),1),"CÓDIGO DE EXPEDIENTE INVÁLIDO"))} | G51: {=IF($A51="","",IFERROR(INDEX(MA_INDIVIDUALES!K$2:K923, MATCH($A51,MA_INDIVIDUALES!$B$2:$B923,0),1),"CÓDIGO DE EXPEDIENTE INVÁLIDO"))} | H51: {=IF($A51="","",IFERROR(INDEX(MA_INDIVIDUALES!L$2:L923, MATCH($A51,MA_INDIVIDUALES!$B$2:$B923,0),1),"CÓDIGO DE EXPEDIENTE INVÁLIDO"))} | L51: =IF(A51="","",IF(K51="","",_xlfn.WORKDAY.INTL(K51,5,1,FERIADOS))) | P51: =IF(A51="","",IF(M51="NO","NO PRESENTÓ DESCARGOS",IF(N51="",IF(TODAY()<=L51,"EN PLAZO","VENCIDO"),IF(N51<=L51,"PRESENTADO EN PLAZO","PRESENTADO FUERA DE PLAZO")))) | Y51: =IF(A51="","",IF(U51="SI","ELABORAR MC",IF(U51="NO","NO AMERITA ELABORAR MC","EN PROCESO"))) | Z51: =IF(A51="","",IF(AND(AR51=-1,Y51="ELABORAR MC"),"SIN REGISTRO DE ETAPAS",IF(AND(AR51=0,Y51="ELABORAR MC"),"EN PROCESO",IF(AND(AR51=1,Y51="ELABORAR MC",AB51=""),"EN ESPERA DE REGISTRO DE RESOLUCIÓN",IF(AND(AR51=1,Y51="ELABORAR MC",AB51<>""),"TERMINADO",IF(OR(Y51="NO AMERITA MC",Y51="EN PROCESO"),"","")))))) | AE51: =IF(U51="","",IF(AD51="","",_xlfn.WORKDAY.INTL(AD51,7,1,FERIADOS))) | AG51: {=IF(A51="","",IF(AF51="","",AF51*INDEX(PARAMETROS!F$2:F1114,MATCH(YEAR(AC51),PARAMETROS!E$2:E1114,0),1)))} | AQ51: =IF($A51="","",IF(OR(AB51="",AL51="EN EJECUCIÓN"),"EN PROCESO", IF(AE51="","INDICAR FECHA DE NOTIFICACIÓN",IF(AM51="","NO PAGÓ MULTA",IF(AM51="",IF(TODAY()<=AE51,"EN PLAZO","VENCIDO"),IF(AM51<=AE51,"PAGADO EN PLAZO","PAGADO FUERA DE PLAZO")))))) | AR51: {=IF(A51="","",IFERROR(INDEX('2) Etapas'!L$3:L923,MATCH(B51,'2) Etapas'!$A$4:$A923,0),1),-1))} | AS51: =IF(A51="","",A51) | AT51: =IF(A51="","",IF(AU51="","MULTA EN ELABORACIÓN", "MULTA IMPUESTA")) | AU51: =IF(OR($A51="",$AB51="", $AC51=""),"", INDEX($AB$4:$AB970,MATCH(CONCATENATE($A51,$AV51),$A$4:$A970&$AC$4:$AC970,0),1)) | AV51: {=IF(OR($A51="",$AB51="", $AC51=""),"",MAXA(IF($A51=$A$4:$A923,$AC$4:$AC923)))}
B52: =IF(A52="","",IF(E52="","INDICAR NÚMERO DE PROYECTO",CONCATENATE("MULTA COERCITIVA - ",E52,"/",F52))) | D52: =IF(A52="","",IF(AL52<>"","EN ETAPA DE COBRANZA",IF(AH52<>"","EN SEGUIMIENTO DE MULTA",IF(AB52<>"","EN IMPOISICIÓN DE MULTA",IF(Q52<>"","EN ETAPA DE ÁNALISIS DE DESCARGOS",IF(OR(P53="VENCIDO", P53="EN PLAZO"),"EN ETAPA DE DESCARGOS","EN ETAPA DE DESCARGOS")))))) | F52: {=IF($A52="","",IFERROR(INDEX(MA_INDIVIDUALES!C$2:C923, MATCH($A52,MA_INDIVIDUALES!$B$2:$B923,0),1),"CÓDIGO DE EXPEDIENTE INVÁLIDO"))} | G52: {=IF($A52="","",IFERROR(INDEX(MA_INDIVIDUALES!K$2:K923, MATCH($A52,MA_INDIVIDUALES!$B$2:$B923,0),1),"CÓDIGO DE EXPEDIENTE INVÁLIDO"))} | H52: {=IF($A52="","",IFERROR(INDEX(MA_INDIVIDUALES!L$2:L923, MATCH($A52,MA_INDIVIDUALES!$B$2:$B923,0),1),"CÓDIGO DE EXPEDIENTE INVÁLIDO"))} | L52: =IF(A52="","",IF(K52="","",_xlfn.WORKDAY.INTL(K52,5,1,FERIADOS))) | P52: =IF(A52="","",IF(M52="NO","NO PRESENTÓ DESCARGOS",IF(N52="",IF(TODAY()<=L52,"EN PLAZO","VENCIDO"),IF(N52<=L52,"PRESENTADO EN PLAZO","PRESENTADO FUERA DE PLAZO")))) | Y52: =IF(A52="","",IF(U52="SI","ELABORAR MC",IF(U52="NO","NO AMERITA ELABORAR MC","EN PROCESO"))) | Z52: =IF(A52="","",IF(AND(AR52=-1,Y52="ELABORAR MC"),"SIN REGISTRO DE ETAPAS",IF(AND(AR52=0,Y52="ELABORAR MC"),"EN PROCESO",IF(AND(AR52=1,Y52="ELABORAR MC",AB52=""),"EN ESPERA DE REGISTRO DE RESOLUCIÓN",IF(AND(AR52=1,Y52="ELABORAR MC",AB52<>""),"TERMINADO",IF(OR(Y52="NO AMERITA MC",Y52="EN PROCESO"),"","")))))) | AE52: =IF(U52="","",IF(AD52="","",_xlfn.WORKDAY.INTL(AD52,7,1,FERIADOS))) | AG52: {=IF(A52="","",IF(AF52="","",AF52*INDEX(PARAMETROS!F$2:F1115,MATCH(YEAR(AC52),PARAMETROS!E$2:E1115,0),1)))} | AQ52: =IF($A52="","",IF(OR(AB52="",AL52="EN EJECUCIÓN"),"EN PROCESO", IF(AE52="","INDICAR FECHA DE NOTIFICACIÓN",IF(AM52="","NO PAGÓ MULTA",IF(AM52="",IF(TODAY()<=AE52,"EN PLAZO","VENCIDO"),IF(AM52<=AE52,"PAGADO EN PLAZO","PAGADO FUERA DE PLAZO")))))) | AR52: {=IF(A52="","",IFERROR(INDEX('2) Etapas'!L$3:L923,MATCH(B52,'2) Etapas'!$A$4:$A923,0),1),-1))} | AS52: =IF(A52="","",A52) | AT52: =IF(A52="","",IF(AU52="","MULTA EN ELABORACIÓN", "MULTA IMPUESTA")) | AU52: =IF(OR($A52="",$AB52="", $AC52=""),"", INDEX($AB$4:$AB971,MATCH(CONCATENATE($A52,$AV52),$A$4:$A971&$AC$4:$AC971,0),1)) | AV52: {=IF(OR($A52="",$AB52="", $AC52=""),"",MAXA(IF($A52=$A$4:$A923,$AC$4:$AC923)))}
B53: =IF(A53="","",IF(E53="","INDICAR NÚMERO DE PROYECTO",CONCATENATE("MULTA COERCITIVA - ",E53,"/",F53))) | D53: =IF(A53="","",IF(AL53<>"","EN ETAPA DE COBRANZA",IF(AH53<>"","EN SEGUIMIENTO DE MULTA",IF(AB53<>"","EN IMPOISICIÓN DE MULTA",IF(Q53<>"","EN ETAPA DE ÁNALISIS DE DESCARGOS",IF(OR(P54="VENCIDO", P54="EN PLAZO"),"EN ETAPA DE DESCARGOS","EN ETAPA DE DESCARGOS")))))) | F53: {=IF($A53="","",IFERROR(INDEX(MA_INDIVIDUALES!C$2:C923, MATCH($A53,MA_INDIVIDUALES!$B$2:$B923,0),1),"CÓDIGO DE EXPEDIENTE INVÁLIDO"))} | G53: {=IF($A53="","",IFERROR(INDEX(MA_INDIVIDUALES!K$2:K923, MATCH($A53,MA_INDIVIDUALES!$B$2:$B923,0),1),"CÓDIGO DE EXPEDIENTE INVÁLIDO"))} | H53: {=IF($A53="","",IFERROR(INDEX(MA_INDIVIDUALES!L$2:L923, MATCH($A53,MA_INDIVIDUALES!$B$2:$B923,0),1),"CÓDIGO DE EXPEDIENTE INVÁLIDO"))} | L53: =IF(A53="","",IF(K53="","",_xlfn.WORKDAY.INTL(K53,5,1,FERIADOS))) | P53: =IF(A53="","",IF(M53="NO","NO PRESENTÓ DESCARGOS",IF(N53="",IF(TODAY()<=L53,"EN PLAZO","VENCIDO"),IF(N53<=L53,"PRESENTADO EN PLAZO","PRESENTADO FUERA DE PLAZO")))) | Y53: =IF(A53="","",IF(U53="SI","ELABORAR MC",IF(U53="NO","NO AMERITA ELABORAR MC","EN PROCESO"))) | Z53: =IF(A53="","",IF(AND(AR53=-1,Y53="ELABORAR MC"),"SIN REGISTRO DE ETAPAS",IF(AND(AR53=0,Y53="ELABORAR MC"),"EN PROCESO",IF(AND(AR53=1,Y53="ELABORAR MC",AB53=""),"EN ESPERA DE REGISTRO DE RESOLUCIÓN",IF(AND(AR53=1,Y53="ELABORAR MC",AB53<>""),"TERMINADO",IF(OR(Y53="NO AMERITA MC",Y53="EN PROCESO"),"","")))))) | AE53: =IF(U53="","",IF(AD53="","",_xlfn.WORKDAY.INTL(AD53,7,1,FERIADOS))) | AG53: {=IF(A53="","",IF(AF53="","",AF53*INDEX(PARAMETROS!F$2:F1116,MATCH(YEAR(AC53),PARAMETROS!E$2:E1116,0),1)))} | AQ53: =IF($A53="","",IF(OR(AB53="",AL53="EN EJECUCIÓN"),"EN PROCESO", IF(AE53="","INDICAR FECHA DE NOTIFICACIÓN",IF(AM53="","NO PAGÓ MULTA",IF(AM53="",IF(TODAY()<=AE53,"EN PLAZO","VENCIDO"),IF(AM53<=AE53,"PAGADO EN PLAZO","PAGADO FUERA DE PLAZO")))))) | AR53: {=IF(A53="","",IFERROR(INDEX('2) Etapas'!L$3:L923,MATCH(B53,'2) Etapas'!$A$4:$A923,0),1),-1))} | AS53: =IF(A53="","",A53) | AT53: =IF(A53="","",IF(AU53="","MULTA EN ELABORACIÓN", "MULTA IMPUESTA")) | AU53: =IF(OR($A53="",$AB53="", $AC53=""),"", INDEX($AB$4:$AB972,MATCH(CONCATENATE($A53,$AV53),$A$4:$A972&$AC$4:$AC972,0),1)) | AV53: {=IF(OR($A53="",$AB53="", $AC53=""),"",MAXA(IF($A53=$A$4:$A923,$AC$4:$AC923)))}
B54: =IF(A54="","",IF(E54="","INDICAR NÚMERO DE PROYECTO",CONCATENATE("MULTA COERCITIVA - ",E54,"/",F54))) | D54: =IF(A54="","",IF(AL54<>"","EN ETAPA DE COBRANZA",IF(AH54<>"","EN SEGUIMIENTO DE MULTA",IF(AB54<>"","EN IMPOISICIÓN DE MULTA",IF(Q54<>"","EN ETAPA DE ÁNALISIS DE DESCARGOS",IF(OR(P55="VENCIDO", P55="EN PLAZO"),"EN ETAPA DE DESCARGOS","EN ETAPA DE DESCARGOS")))))) | F54: {=IF($A54="","",IFERROR(INDEX(MA_INDIVIDUALES!C$2:C923, MATCH($A54,MA_INDIVIDUALES!$B$2:$B923,0),1),"CÓDIGO DE EXPEDIENTE INVÁLIDO"))} | G54: {=IF($A54="","",IFERROR(INDEX(MA_INDIVIDUALES!K$2:K923, MATCH($A54,MA_INDIVIDUALES!$B$2:$B923,0),1),"CÓDIGO DE EXPEDIENTE INVÁLIDO"))} | H54: {=IF($A54="","",IFERROR(INDEX(MA_INDIVIDUALES!L$2:L923, MATCH($A54,MA_INDIVIDUALES!$B$2:$B923,0),1),"CÓDIGO DE EXPEDIENTE INVÁLIDO"))} | L54: =IF(A54="","",IF(K54="","",_xlfn.WORKDAY.INTL(K54,5,1,FERIADOS))) | P54: =IF(A54="","",IF(M54="NO","NO PRESENTÓ DESCARGOS",IF(N54="",IF(TODAY()<=L54,"EN PLAZO","VENCIDO"),IF(N54<=L54,"PRESENTADO EN PLAZO","PRESENTADO FUERA DE PLAZO")))) | Y54: =IF(A54="","",IF(U54="SI","ELABORAR MC",IF(U54="NO","NO AMERITA ELABORAR MC","EN PROCESO"))) | Z54: =IF(A54="","",IF(AND(AR54=-1,Y54="ELABORAR MC"),"SIN REGISTRO DE ETAPAS",IF(AND(AR54=0,Y54="ELABORAR MC"),"EN PROCESO",IF(AND(AR54=1,Y54="ELABORAR MC",AB54=""),"EN ESPERA DE REGISTRO DE RESOLUCIÓN",IF(AND(AR54=1,Y54="ELABORAR MC",AB54<>""),"TERMINADO",IF(OR(Y54="NO AMERITA MC",Y54="EN PROCESO"),"","")))))) | AE54: =IF(U54="","",IF(AD54="","",_xlfn.WORKDAY.INTL(AD54,7,1,FERIADOS))) | AG54: {=IF(A54="","",IF(AF54="","",AF54*INDEX(PARAMETROS!F$2:F1117,MATCH(YEAR(AC54),PARAMETROS!E$2:E1117,0),1)))} | AQ54: =IF($A54="","",IF(OR(AB54="",AL54="EN EJECUCIÓN"),"EN PROCESO", IF(AE54="","INDICAR FECHA DE NOTIFICACIÓN",IF(AM54="","NO PAGÓ MULTA",IF(AM54="",IF(TODAY()<=AE54,"EN PLAZO","VENCIDO"),IF(AM54<=AE54,"PAGADO EN PLAZO","PAGADO FUERA DE PLAZO")))))) | AR54: {=IF(A54="","",IFERROR(INDEX('2) Etapas'!L$3:L923,MATCH(B54,'2) Etapas'!$A$4:$A923,0),1),-1))} | AS54: =IF(A54="","",A54) | AT54: =IF(A54="","",IF(AU54="","MULTA EN ELABORACIÓN", "MULTA IMPUESTA")) | AU54: =IF(OR($A54="",$AB54="", $AC54=""),"", INDEX($AB$4:$AB973,MATCH(CONCATENATE($A54,$AV54),$A$4:$A973&$AC$4:$AC973,0),1)) | AV54: {=IF(OR($A54="",$AB54="", $AC54=""),"",MAXA(IF($A54=$A$4:$A923,$AC$4:$AC923)))}
B55: =IF(A55="","",IF(E55="","INDICAR NÚMERO DE PROYECTO",CONCATENATE("MULTA COERCITIVA - ",E55,"/",F55))) | D55: =IF(A55="","",IF(AL55<>"","EN ETAPA DE COBRANZA",IF(AH55<>"","EN SEGUIMIENTO DE MULTA",IF(AB55<>"","EN IMPOISICIÓN DE MULTA",IF(Q55<>"","EN ETAPA DE ÁNALISIS DE DESCARGOS",IF(OR(P56="VENCIDO", P56="EN PLAZO"),"EN ETAPA DE DESCARGOS","EN ETAPA DE DESCARGOS")))))) | F55: {=IF($A55="","",IFERROR(INDEX(MA_INDIVIDUALES!C$2:C923, MATCH($A55,MA_INDIVIDUALES!$B$2:$B923,0),1),"CÓDIGO DE EXPEDIENTE INVÁLIDO"))} | G55: {=IF($A55="","",IFERROR(INDEX(MA_INDIVIDUALES!K$2:K923, MATCH($A55,MA_INDIVIDUALES!$B$2:$B923,0),1),"CÓDIGO DE EXPEDIENTE INVÁLIDO"))} | H55: {=IF($A55="","",IFERROR(INDEX(MA_INDIVIDUALES!L$2:L923, MATCH($A55,MA_INDIVIDUALES!$B$2:$B923,0),1),"CÓDIGO DE EXPEDIENTE INVÁLIDO"))} | L55: =IF(A55="","",IF(K55="","",_xlfn.WORKDAY.INTL(K55,5,1,FERIADOS))) | P55: =IF(A55="","",IF(M55="NO","NO PRESENTÓ DESCARGOS",IF(N55="",IF(TODAY()<=L55,"EN PLAZO","VENCIDO"),IF(N55<=L55,"PRESENTADO EN PLAZO","PRESENTADO FUERA DE PLAZO")))) | Y55: =IF(A55="","",IF(U55="SI","ELABORAR MC",IF(U55="NO","NO AMERITA ELABORAR MC","EN PROCESO"))) | Z55: =IF(A55="","",IF(AND(AR55=-1,Y55="ELABORAR MC"),"SIN REGISTRO DE ETAPAS",IF(AND(AR55=0,Y55="ELABORAR MC"),"EN PROCESO",IF(AND(AR55=1,Y55="ELABORAR MC",AB55=""),"EN ESPERA DE REGISTRO DE RESOLUCIÓN",IF(AND(AR55=1,Y55="ELABORAR MC",AB55<>""),"TERMINADO",IF(OR(Y55="NO AMERITA MC",Y55="EN PROCESO"),"","")))))) | AE55: =IF(U55="","",IF(AD55="","",_xlfn.WORKDAY.INTL(AD55,7,1,FERIADOS))) | AG55: {=IF(A55="","",IF(AF55="","",AF55*INDEX(PARAMETROS!F$2:F1118,MATCH(YEAR(AC55),PARAMETROS!E$2:E1118,0),1)))} | AQ55: =IF($A55="","",IF(OR(AB55="",AL55="EN EJECUCIÓN"),"EN PROCESO", IF(AE55="","INDICAR FECHA DE NOTIFICACIÓN",IF(AM55="","NO PAGÓ MULTA",IF(AM55="",IF(TODAY()<=AE55,"EN PLAZO","VENCIDO"),IF(AM55<=AE55,"PAGADO EN PLAZO","PAGADO FUERA DE PLAZO")))))) | AR55: {=IF(A55="","",IFERROR(INDEX('2) Etapas'!L$3:L923,MATCH(B55,'2) Etapas'!$A$4:$A923,0),1),-1))} | AS55: =IF(A55="","",A55) | AT55: =IF(A55="","",IF(AU55="","MULTA EN ELABORACIÓN", "MULTA IMPUESTA")) | AU55: =IF(OR($A55="",$AB55="", $AC55=""),"", INDEX($AB$4:$AB974,MATCH(CONCATENATE($A55,$AV55),$A$4:$A974&$AC$4:$AC974,0),1)) | AV55: {=IF(OR($A55="",$AB55="", $AC55=""),"",MAXA(IF($A55=$A$4:$A923,$AC$4:$AC923)))}
B56: =IF(A56="","",IF(E56="","INDICAR NÚMERO DE PROYECTO",CONCATENATE("MULTA COERCITIVA - ",E56,"/",F56))) | D56: =IF(A56="","",IF(AL56<>"","EN ETAPA DE COBRANZA",IF(AH56<>"","EN SEGUIMIENTO DE MULTA",IF(AB56<>"","EN IMPOISICIÓN DE MULTA",IF(Q56<>"","EN ETAPA DE ÁNALISIS DE DESCARGOS",IF(OR(P57="VENCIDO", P57="EN PLAZO"),"EN ETAPA DE DESCARGOS","EN ETAPA DE DESCARGOS")))))) | F56: {=IF($A56="","",IFERROR(INDEX(MA_INDIVIDUALES!C$2:C923, MATCH($A56,MA_INDIVIDUALES!$B$2:$B923,0),1),"CÓDIGO DE EXPEDIENTE INVÁLIDO"))} | G56: {=IF($A56="","",IFERROR(INDEX(MA_INDIVIDUALES!K$2:K923, MATCH($A56,MA_INDIVIDUALES!$B$2:$B923,0),1),"CÓDIGO DE EXPEDIENTE INVÁLIDO"))} | H56: {=IF($A56="","",IFERROR(INDEX(MA_INDIVIDUALES!L$2:L923, MATCH($A56,MA_INDIVIDUALES!$B$2:$B923,0),1),"CÓDIGO DE EXPEDIENTE INVÁLIDO"))} | L56: =IF(A56="","",IF(K56="","",_xlfn.WORKDAY.INTL(K56,5,1,FERIADOS))) | P56: =IF(A56="","",IF(M56="NO","NO PRESENTÓ DESCARGOS",IF(N56="",IF(TODAY()<=L56,"EN PLAZO","VENCIDO"),IF(N56<=L56,"PRESENTADO EN PLAZO","PRESENTADO FUERA DE PLAZO")))) | Y56: =IF(A56="","",IF(U56="SI","ELABORAR MC",IF(U56="NO","NO AMERITA ELABORAR MC","EN PROCESO"))) | Z56: =IF(A56="","",IF(AND(AR56=-1,Y56="ELABORAR MC"),"SIN REGISTRO DE ETAPAS",IF(AND(AR56=0,Y56="ELABORAR MC"),"EN PROCESO",IF(AND(AR56=1,Y56="ELABORAR MC",AB56=""),"EN ESPERA DE REGISTRO DE RESOLUCIÓN",IF(AND(AR56=1,Y56="ELABORAR MC",AB56<>""),"TERMINADO",IF(OR(Y56="NO AMERITA MC",Y56="EN PROCESO"),"","")))))) | AE56: =IF(U56="","",IF(AD56="","",_xlfn.WORKDAY.INTL(AD56,7,1,FERIADOS))) | AG56: {=IF(A56="","",IF(AF56="","",AF56*INDEX(PARAMETROS!F$2:F1119,MATCH(YEAR(AC56),PARAMETROS!E$2:E1119,0),1)))} | AQ56: =IF($A56="","",IF(OR(AB56="",AL56="EN EJECUCIÓN"),"EN PROCESO", IF(AE56="","INDICAR FECHA DE NOTIFICACIÓN",IF(AM56="","NO PAGÓ MULTA",IF(AM56="",IF(TODAY()<=AE56,"EN PLAZO","VENCIDO"),IF(AM56<=AE56,"PAGADO EN PLAZO","PAGADO FUERA DE PLAZO")))))) | AR56: {=IF(A56="","",IFERROR(INDEX('2) Etapas'!L$3:L923,MATCH(B56,'2) Etapas'!$A$4:$A923,0),1),-1))} | AS56: =IF(A56="","",A56) | AT56: =IF(A56="","",IF(AU56="","MULTA EN ELABORACIÓN", "MULTA IMPUESTA")) | AU56: =IF(OR($A56="",$AB56="", $AC56=""),"", INDEX($AB$4:$AB975,MATCH(CONCATENATE($A56,$AV56),$A$4:$A975&$AC$4:$AC975,0),1)) | AV56: {=IF(OR($A56="",$AB56="", $AC56=""),"",MAXA(IF($A56=$A$4:$A923,$AC$4:$AC923)))}
B57: =IF(A57="","",IF(E57="","INDICAR NÚMERO DE PROYECTO",CONCATENATE("MULTA COERCITIVA - ",E57,"/",F57))) | D57: =IF(A57="","",IF(AL57<>"","EN ETAPA DE COBRANZA",IF(AH57<>"","EN SEGUIMIENTO DE MULTA",IF(AB57<>"","EN IMPOISICIÓN DE MULTA",IF(Q57<>"","EN ETAPA DE ÁNALISIS DE DESCARGOS",IF(OR(P58="VENCIDO", P58="EN PLAZO"),"EN ETAPA DE DESCARGOS","EN ETAPA DE DESCARGOS")))))) | F57: {=IF($A57="","",IFERROR(INDEX(MA_INDIVIDUALES!C$2:C923, MATCH($A57,MA_INDIVIDUALES!$B$2:$B923,0),1),"CÓDIGO DE EXPEDIENTE INVÁLIDO"))} | G57: {=IF($A57="","",IFERROR(INDEX(MA_INDIVIDUALES!K$2:K923, MATCH($A57,MA_INDIVIDUALES!$B$2:$B923,0),1),"CÓDIGO DE EXPEDIENTE INVÁLIDO"))} | H57: {=IF($A57="","",IFERROR(INDEX(MA_INDIVIDUALES!L$2:L923, MATCH($A57,MA_INDIVIDUALES!$B$2:$B923,0),1),"CÓDIGO DE EXPEDIENTE INVÁLIDO"))} | L57: =IF(A57="","",IF(K57="","",_xlfn.WORKDAY.INTL(K57,5,1,FERIADOS))) | P57: =IF(A57="","",IF(M57="NO","NO PRESENTÓ DESCARGOS",IF(N57="",IF(TODAY()<=L57,"EN PLAZO","VENCIDO"),IF(N57<=L57,"PRESENTADO EN PLAZO","PRESENTADO FUERA DE PLAZO")))) | Y57: =IF(A57="","",IF(U57="SI","ELABORAR MC",IF(U57="NO","NO AMERITA ELABORAR MC","EN PROCESO"))) | Z57: =IF(A57="","",IF(AND(AR57=-1,Y57="ELABORAR MC"),"SIN REGISTRO DE ETAPAS",IF(AND(AR57=0,Y57="ELABORAR MC"),"EN PROCESO",IF(AND(AR57=1,Y57="ELABORAR MC",AB57=""),"EN ESPERA DE REGISTRO DE RESOLUCIÓN",IF(AND(AR57=1,Y57="ELABORAR MC",AB57<>""),"TERMINADO",IF(OR(Y57="NO AMERITA MC",Y57="EN PROCESO"),"","")))))) | AE57: =IF(U57="","",IF(AD57="","",_xlfn.WORKDAY.INTL(AD57,7,1,FERIADOS))) | AG57: {=IF(A57="","",IF(AF57="","",AF57*INDEX(PARAMETROS!F$2:F1120,MATCH(YEAR(AC57),PARAMETROS!E$2:E1120,0),1)))} | AQ57: =IF($A57="","",IF(OR(AB57="",AL57="EN EJECUCIÓN"),"EN PROCESO", IF(AE57="","INDICAR FECHA DE NOTIFICACIÓN",IF(AM57="","NO PAGÓ MULTA",IF(AM57="",IF(TODAY()<=AE57,"EN PLAZO","VENCIDO"),IF(AM57<=AE57,"PAGADO EN PLAZO","PAGADO FUERA DE PLAZO")))))) | AR57: {=IF(A57="","",IFERROR(INDEX('2) Etapas'!L$3:L923,MATCH(B57,'2) Etapas'!$A$4:$A923,0),1),-1))} | AS57: =IF(A57="","",A57) | AT57: =IF(A57="","",IF(AU57="","MULTA EN ELABORACIÓN", "MULTA IMPUESTA")) | AU57: =IF(OR($A57="",$AB57="", $AC57=""),"", INDEX($AB$4:$AB976,MATCH(CONCATENATE($A57,$AV57),$A$4:$A976&$AC$4:$AC976,0),1)) | AV57: {=IF(OR($A57="",$AB57="", $AC57=""),"",MAXA(IF($A57=$A$4:$A923,$AC$4:$AC923)))}
B58: =IF(A58="","",IF(E58="","INDICAR NÚMERO DE PROYECTO",CONCATENATE("MULTA COERCITIVA - ",E58,"/",F58))) | D58: =IF(A58="","",IF(AL58<>"","EN ETAPA DE COBRANZA",IF(AH58<>"","EN SEGUIMIENTO DE MULTA",IF(AB58<>"","EN IMPOISICIÓN DE MULTA",IF(Q58<>"","EN ETAPA DE ÁNALISIS DE DESCARGOS",IF(OR(P59="VENCIDO", P59="EN PLAZO"),"EN ETAPA DE DESCARGOS","EN ETAPA DE DESCARGOS")))))) | F58: {=IF($A58="","",IFERROR(INDEX(MA_INDIVIDUALES!C$2:C923, MATCH($A58,MA_INDIVIDUALES!$B$2:$B923,0),1),"CÓDIGO DE EXPEDIENTE INVÁLIDO"))} | G58: {=IF($A58="","",IFERROR(INDEX(MA_INDIVIDUALES!K$2:K923, MATCH($A58,MA_INDIVIDUALES!$B$2:$B923,0),1),"CÓDIGO DE EXPEDIENTE INVÁLIDO"))} | H58: {=IF($A58="","",IFERROR(INDEX(MA_INDIVIDUALES!L$2:L923, MATCH($A58,MA_INDIVIDUALES!$B$2:$B923,0),1),"CÓDIGO DE EXPEDIENTE INVÁLIDO"))} | L58: =IF(A58="","",IF(K58="","",_xlfn.WORKDAY.INTL(K58,5,1,FERIADOS))) | P58: =IF(A58="","",IF(M58="NO","NO PRESENTÓ DESCARGOS",IF(N58="",IF(TODAY()<=L58,"EN PLAZO","VENCIDO"),IF(N58<=L58,"PRESENTADO EN PLAZO","PRESENTADO FUERA DE PLAZO")))) | Y58: =IF(A58="","",IF(U58="SI","ELABORAR MC",IF(U58="NO","NO AMERITA ELABORAR MC","EN PROCESO"))) | Z58: =IF(A58="","",IF(AND(AR58=-1,Y58="ELABORAR MC"),"SIN REGISTRO DE ETAPAS",IF(AND(AR58=0,Y58="ELABORAR MC"),"EN PROCESO",IF(AND(AR58=1,Y58="ELABORAR MC",AB58=""),"EN ESPERA DE REGISTRO DE RESOLUCIÓN",IF(AND(AR58=1,Y58="ELABORAR MC",AB58<>""),"TERMINADO",IF(OR(Y58="NO AMERITA MC",Y58="EN PROCESO"),"","")))))) | AE58: =IF(U58="","",IF(AD58="","",_xlfn.WORKDAY.INTL(AD58,7,1,FERIADOS))) | AG58: {=IF(A58="","",IF(AF58="","",AF58*INDEX(PARAMETROS!F$2:F1121,MATCH(YEAR(AC58),PARAMETROS!E$2:E1121,0),1)))} | AQ58: =IF($A58="","",IF(OR(AB58="",AL58="EN EJECUCIÓN"),"EN PROCESO", IF(AE58="","INDICAR FECHA DE NOTIFICACIÓN",IF(AM58="","NO PAGÓ MULTA",IF(AM58="",IF(TODAY()<=AE58,"EN PLAZO","VENCIDO"),IF(AM58<=AE58,"PAGADO EN PLAZO","PAGADO FUERA DE PLAZO")))))) | AR58: {=IF(A58="","",IFERROR(INDEX('2) Etapas'!L$3:L923,MATCH(B58,'2) Etapas'!$A$4:$A923,0),1),-1))} | AS58: =IF(A58="","",A58) | AT58: =IF(A58="","",IF(AU58="","MULTA EN ELABORACIÓN", "MULTA IMPUESTA")) | AU58: =IF(OR($A58="",$AB58="", $AC58=""),"", INDEX($AB$4:$AB977,MATCH(CONCATENATE($A58,$AV58),$A$4:$A977&$AC$4:$AC977,0),1)) | AV58: {=IF(OR($A58="",$AB58="", $AC58=""),"",MAXA(IF($A58=$A$4:$A923,$AC$4:$AC923)))}
B59: =IF(A59="","",IF(E59="","INDICAR NÚMERO DE PROYECTO",CONCATENATE("MULTA COERCITIVA - ",E59,"/",F59))) | D59: =IF(A59="","",IF(AL59<>"","EN ETAPA DE COBRANZA",IF(AH59<>"","EN SEGUIMIENTO DE MULTA",IF(AB59<>"","EN IMPOISICIÓN DE MULTA",IF(Q59<>"","EN ETAPA DE ÁNALISIS DE DESCARGOS",IF(OR(P60="VENCIDO", P60="EN PLAZO"),"EN ETAPA DE DESCARGOS","EN ETAPA DE DESCARGOS")))))) | F59: {=IF($A59="","",IFERROR(INDEX(MA_INDIVIDUALES!C$2:C923, MATCH($A59,MA_INDIVIDUALES!$B$2:$B923,0),1),"CÓDIGO DE EXPEDIENTE INVÁLIDO"))} | G59: {=IF($A59="","",IFERROR(INDEX(MA_INDIVIDUALES!K$2:K923, MATCH($A59,MA_INDIVIDUALES!$B$2:$B923,0),1),"CÓDIGO DE EXPEDIENTE INVÁLIDO"))} | H59: {=IF($A59="","",IFERROR(INDEX(MA_INDIVIDUALES!L$2:L923, MATCH($A59,MA_INDIVIDUALES!$B$2:$B923,0),1),"CÓDIGO DE EXPEDIENTE INVÁLIDO"))} | L59: =IF(A59="","",IF(K59="","",_xlfn.WORKDAY.INTL(K59,5,1,FERIADOS))) | P59: =IF(A59="","",IF(M59="NO","NO PRESENTÓ DESCARGOS",IF(N59="",IF(TODAY()<=L59,"EN PLAZO","VENCIDO"),IF(N59<=L59,"PRESENTADO EN PLAZO","PRESENTADO FUERA DE PLAZO")))) | Y59: =IF(A59="","",IF(U59="SI","ELABORAR MC",IF(U59="NO","NO AMERITA ELABORAR MC","EN PROCESO"))) | Z59: =IF(A59="","",IF(AND(AR59=-1,Y59="ELABORAR MC"),"SIN REGISTRO DE ETAPAS",IF(AND(AR59=0,Y59="ELABORAR MC"),"EN PROCESO",IF(AND(AR59=1,Y59="ELABORAR MC",AB59=""),"EN ESPERA DE REGISTRO DE RESOLUCIÓN",IF(AND(AR59=1,Y59="ELABORAR MC",AB59<>""),"TERMINADO",IF(OR(Y59="NO AMERITA MC",Y59="EN PROCESO"),"","")))))) | AE59: =IF(U59="","",IF(AD59="","",_xlfn.WORKDAY.INTL(AD59,7,1,FERIADOS))) | AG59: {=IF(A59="","",IF(AF59="","",AF59*INDEX(PARAMETROS!F$2:F1122,MATCH(YEAR(AC59),PARAMETROS!E$2:E1122,0),1)))} | AQ59: =IF($A59="","",IF(OR(AB59="",AL59="EN EJECUCIÓN"),"EN PROCESO", IF(AE59="","INDICAR FECHA DE NOTIFICACIÓN",IF(AM59="","NO PAGÓ MULTA",IF(AM59="",IF(TODAY()<=AE59,"EN PLAZO","VENCIDO"),IF(AM59<=AE59,"PAGADO EN PLAZO","PAGADO FUERA DE PLAZO")))))) | AR59: {=IF(A59="","",IFERROR(INDEX('2) Etapas'!L$3:L923,MATCH(B59,'2) Etapas'!$A$4:$A923,0),1),-1))} | AS59: =IF(A59="","",A59) | AT59: =IF(A59="","",IF(AU59="","MULTA EN ELABORACIÓN", "MULTA IMPUESTA")) | AU59: =IF(OR($A59="",$AB59="", $AC59=""),"", INDEX($AB$4:$AB978,MATCH(CONCATENATE($A59,$AV59),$A$4:$A978&$AC$4:$AC978,0),1)) | AV59: {=IF(OR($A59="",$AB59="", $AC59=""),"",MAXA(IF($A59=$A$4:$A923,$AC$4:$AC923)))}
B60: =IF(A60="","",IF(E60="","INDICAR NÚMERO DE PROYECTO",CONCATENATE("MULTA COERCITIVA - ",E60,"/",F60))) | D60: =IF(A60="","",IF(AL60<>"","EN ETAPA DE COBRANZA",IF(AH60<>"","EN SEGUIMIENTO DE MULTA",IF(AB60<>"","EN IMPOISICIÓN DE MULTA",IF(Q60<>"","EN ETAPA DE ÁNALISIS DE DESCARGOS",IF(OR(P61="VENCIDO", P61="EN PLAZO"),"EN ETAPA DE DESCARGOS","EN ETAPA DE DESCARGOS")))))) | F60: {=IF($A60="","",IFERROR(INDEX(MA_INDIVIDUALES!C$2:C923, MATCH($A60,MA_INDIVIDUALES!$B$2:$B923,0),1),"CÓDIGO DE EXPEDIENTE INVÁLIDO"))} | G60: {=IF($A60="","",IFERROR(INDEX(MA_INDIVIDUALES!K$2:K923, MATCH($A60,MA_INDIVIDUALES!$B$2:$B923,0),1),"CÓDIGO DE EXPEDIENTE INVÁLIDO"))} | H60: {=IF($A60="","",IFERROR(INDEX(MA_INDIVIDUALES!L$2:L923, MATCH($A60,MA_INDIVIDUALES!$B$2:$B923,0),1),"CÓDIGO DE EXPEDIENTE INVÁLIDO"))} | L60: =IF(A60="","",IF(K60="","",_xlfn.WORKDAY.INTL(K60,5,1,FERIADOS))) | P60: =IF(A60="","",IF(M60="NO","NO PRESENTÓ DESCARGOS",IF(N60="",IF(TODAY()<=L60,"EN PLAZO","VENCIDO"),IF(N60<=L60,"PRESENTADO EN PLAZO","PRESENTADO FUERA DE PLAZO")))) | Y60: =IF(A60="","",IF(U60="SI","ELABORAR MC",IF(U60="NO","NO AMERITA ELABORAR MC","EN PROCESO"))) | Z60: =IF(A60="","",IF(AND(AR60=-1,Y60="ELABORAR MC"),"SIN REGISTRO DE ETAPAS",IF(AND(AR60=0,Y60="ELABORAR MC"),"EN PROCESO",IF(AND(AR60=1,Y60="ELABORAR MC",AB60=""),"EN ESPERA DE REGISTRO DE RESOLUCIÓN",IF(AND(AR60=1,Y60="ELABORAR MC",AB60<>""),"TERMINADO",IF(OR(Y60="NO AMERITA MC",Y60="EN PROCESO"),"","")))))) | AE60: =IF(U60="","",IF(AD60="","",_xlfn.WORKDAY.INTL(AD60,7,1,FERIADOS))) | AG60: {=IF(A60="","",IF(AF60="","",AF60*INDEX(PARAMETROS!F$2:F1123,MATCH(YEAR(AC60),PARAMETROS!E$2:E1123,0),1)))} | AQ60: =IF($A60="","",IF(OR(AB60="",AL60="EN EJECUCIÓN"),"EN PROCESO", IF(AE60="","INDICAR FECHA DE NOTIFICACIÓN",IF(AM60="","NO PAGÓ MULTA",IF(AM60="",IF(TODAY()<=AE60,"EN PLAZO","VENCIDO"),IF(AM60<=AE60,"PAGADO EN PLAZO","PAGADO FUERA DE PLAZO")))))) | AR60: {=IF(A60="","",IFERROR(INDEX('2) Etapas'!L$3:L923,MATCH(B60,'2) Etapas'!$A$4:$A923,0),1),-1))} | AS60: =IF(A60="","",A60) | AT60: =IF(A60="","",IF(AU60="","MULTA EN ELABORACIÓN", "MULTA IMPUESTA")) | AU60: =IF(OR($A60="",$AB60="", $AC60=""),"", INDEX($AB$4:$AB979,MATCH(CONCATENATE($A60,$AV60),$A$4:$A979&$AC$4:$AC979,0),1)) | AV60: {=IF(OR($A60="",$AB60="", $AC60=""),"",MAXA(IF($A60=$A$4:$A923,$AC$4:$AC923)))}
B61: =IF(A61="","",IF(E61="","INDICAR NÚMERO DE PROYECTO",CONCATENATE("MULTA COERCITIVA - ",E61,"/",F61))) | D61: =IF(A61="","",IF(AL61<>"","EN ETAPA DE COBRANZA",IF(AH61<>"","EN SEGUIMIENTO DE MULTA",IF(AB61<>"","EN IMPOISICIÓN DE MULTA",IF(Q61<>"","EN ETAPA DE ÁNALISIS DE DESCARGOS",IF(OR(P62="VENCIDO", P62="EN PLAZO"),"EN ETAPA DE DESCARGOS","EN ETAPA DE DESCARGOS")))))) | F61: {=IF($A61="","",IFERROR(INDEX(MA_INDIVIDUALES!C$2:C923, MATCH($A61,MA_INDIVIDUALES!$B$2:$B923,0),1),"CÓDIGO DE EXPEDIENTE INVÁLIDO"))} | G61: {=IF($A61="","",IFERROR(INDEX(MA_INDIVIDUALES!K$2:K923, MATCH($A61,MA_INDIVIDUALES!$B$2:$B923,0),1),"CÓDIGO DE EXPEDIENTE INVÁLIDO"))} | H61: {=IF($A61="","",IFERROR(INDEX(MA_INDIVIDUALES!L$2:L923, MATCH($A61,MA_INDIVIDUALES!$B$2:$B923,0),1),"CÓDIGO DE EXPEDIENTE INVÁLIDO"))} | L61: =IF(A61="","",IF(K61="","",_xlfn.WORKDAY.INTL(K61,5,1,FERIADOS))) | P61: =IF(A61="","",IF(M61="NO","NO PRESENTÓ DESCARGOS",IF(N61="",IF(TODAY()<=L61,"EN PLAZO","VENCIDO"),IF(N61<=L61,"PRESENTADO EN PLAZO","PRESENTADO FUERA DE PLAZO")))) | Y61: =IF(A61="","",IF(U61="SI","ELABORAR MC",IF(U61="NO","NO AMERITA ELABORAR MC","EN PROCESO"))) | Z61: =IF(A61="","",IF(AND(AR61=-1,Y61="ELABORAR MC"),"SIN REGISTRO DE ETAPAS",IF(AND(AR61=0,Y61="ELABORAR MC"),"EN PROCESO",IF(AND(AR61=1,Y61="ELABORAR MC",AB61=""),"EN ESPERA DE REGISTRO DE RESOLUCIÓN",IF(AND(AR61=1,Y61="ELABORAR MC",AB61<>""),"TERMINADO",IF(OR(Y61="NO AMERITA MC",Y61="EN PROCESO"),"","")))))) | AE61: =IF(U61="","",IF(AD61="","",_xlfn.WORKDAY.INTL(AD61,7,1,FERIADOS))) | AG61: {=IF(A61="","",IF(AF61="","",AF61*INDEX(PARAMETROS!F$2:F1124,MATCH(YEAR(AC61),PARAMETROS!E$2:E1124,0),1)))} | AQ61: =IF($A61="","",IF(OR(AB61="",AL61="EN EJECUCIÓN"),"EN PROCESO", IF(AE61="","INDICAR FECHA DE NOTIFICACIÓN",IF(AM61="","NO PAGÓ MULTA",IF(AM61="",IF(TODAY()<=AE61,"EN PLAZO","VENCIDO"),IF(AM61<=AE61,"PAGADO EN PLAZO","PAGADO FUERA DE PLAZO")))))) | AR61: {=IF(A61="","",IFERROR(INDEX('2) Etapas'!L$3:L923,MATCH(B61,'2) Etapas'!$A$4:$A923,0),1),-1))} | AS61: =IF(A61="","",A61) | AT61: =IF(A61="","",IF(AU61="","MULTA EN ELABORACIÓN", "MULTA IMPUESTA")) | AU61: =IF(OR($A61="",$AB61="", $AC61=""),"", INDEX($AB$4:$AB980,MATCH(CONCATENATE($A61,$AV61),$A$4:$A980&$AC$4:$AC980,0),1)) | AV61: {=IF(OR($A61="",$AB61="", $AC61=""),"",MAXA(IF($A61=$A$4:$A923,$AC$4:$AC923)))}
B62: =IF(A62="","",IF(E62="","INDICAR NÚMERO DE PROYECTO",CONCATENATE("MULTA COERCITIVA - ",E62,"/",F62))) | D62: =IF(A62="","",IF(AL62<>"","EN ETAPA DE COBRANZA",IF(AH62<>"","EN SEGUIMIENTO DE MULTA",IF(AB62<>"","EN IMPOISICIÓN DE MULTA",IF(Q62<>"","EN ETAPA DE ÁNALISIS DE DESCARGOS",IF(OR(P63="VENCIDO", P63="EN PLAZO"),"EN ETAPA DE DESCARGOS","EN ETAPA DE DESCARGOS")))))) | F62: {=IF($A62="","",IFERROR(INDEX(MA_INDIVIDUALES!C$2:C923, MATCH($A62,MA_INDIVIDUALES!$B$2:$B923,0),1),"CÓDIGO DE EXPEDIENTE INVÁLIDO"))} | G62: {=IF($A62="","",IFERROR(INDEX(MA_INDIVIDUALES!K$2:K923, MATCH($A62,MA_INDIVIDUALES!$B$2:$B923,0),1),"CÓDIGO DE EXPEDIENTE INVÁLIDO"))} | H62: {=IF($A62="","",IFERROR(INDEX(MA_INDIVIDUALES!L$2:L923, MATCH($A62,MA_INDIVIDUALES!$B$2:$B923,0),1),"CÓDIGO DE EXPEDIENTE INVÁLIDO"))} | L62: =IF(A62="","",IF(K62="","",_xlfn.WORKDAY.INTL(K62,5,1,FERIADOS))) | P62: =IF(A62="","",IF(M62="NO","NO PRESENTÓ DESCARGOS",IF(N62="",IF(TODAY()<=L62,"EN PLAZO","VENCIDO"),IF(N62<=L62,"PRESENTADO EN PLAZO","PRESENTADO FUERA DE PLAZO")))) | Y62: =IF(A62="","",IF(U62="SI","ELABORAR MC",IF(U62="NO","NO AMERITA ELABORAR MC","EN PROCESO"))) | Z62: =IF(A62="","",IF(AND(AR62=-1,Y62="ELABORAR MC"),"SIN REGISTRO DE ETAPAS",IF(AND(AR62=0,Y62="ELABORAR MC"),"EN PROCESO",IF(AND(AR62=1,Y62="ELABORAR MC",AB62=""),"EN ESPERA DE REGISTRO DE RESOLUCIÓN",IF(AND(AR62=1,Y62="ELABORAR MC",AB62<>""),"TERMINADO",IF(OR(Y62="NO AMERITA MC",Y62="EN PROCESO"),"","")))))) | AE62: =IF(U62="","",IF(AD62="","",_xlfn.WORKDAY.INTL(AD62,7,1,FERIADOS))) | AG62: {=IF(A62="","",IF(AF62="","",AF62*INDEX(PARAMETROS!F$2:F1125,MATCH(YEAR(AC62),PARAMETROS!E$2:E1125,0),1)))} | AQ62: =IF($A62="","",IF(OR(AB62="",AL62="EN EJECUCIÓN"),"EN PROCESO", IF(AE62="","INDICAR FECHA DE NOTIFICACIÓN",IF(AM62="","NO PAGÓ MULTA",IF(AM62="",IF(TODAY()<=AE62,"EN PLAZO","VENCIDO"),IF(AM62<=AE62,"PAGADO EN PLAZO","PAGADO FUERA DE PLAZO")))))) | AR62: {=IF(A62="","",IFERROR(INDEX('2) Etapas'!L$3:L923,MATCH(B62,'2) Etapas'!$A$4:$A923,0),1),-1))} | AS62: =IF(A62="","",A62) | AT62: =IF(A62="","",IF(AU62="","MULTA EN ELABORACIÓN", "MULTA IMPUESTA")) | AU62: =IF(OR($A62="",$AB62="", $AC62=""),"", INDEX($AB$4:$AB981,MATCH(CONCATENATE($A62,$AV62),$A$4:$A981&$AC$4:$AC981,0),1)) | AV62: {=IF(OR($A62="",$AB62="", $AC62=""),"",MAXA(IF($A62=$A$4:$A923,$AC$4:$AC923)))}
B63: =IF(A63="","",IF(E63="","INDICAR NÚMERO DE PROYECTO",CONCATENATE("MULTA COERCITIVA - ",E63,"/",F63))) | D63: =IF(A63="","",IF(AL63<>"","EN ETAPA DE COBRANZA",IF(AH63<>"","EN SEGUIMIENTO DE MULTA",IF(AB63<>"","EN IMPOISICIÓN DE MULTA",IF(Q63<>"","EN ETAPA DE ÁNALISIS DE DESCARGOS",IF(OR(P64="VENCIDO", P64="EN PLAZO"),"EN ETAPA DE DESCARGOS","EN ETAPA DE DESCARGOS")))))) | F63: {=IF($A63="","",IFERROR(INDEX(MA_INDIVIDUALES!C$2:C923, MATCH($A63,MA_INDIVIDUALES!$B$2:$B923,0),1),"CÓDIGO DE EXPEDIENTE INVÁLIDO"))} | G63: {=IF($A63="","",IFERROR(INDEX(MA_INDIVIDUALES!K$2:K923, MATCH($A63,MA_INDIVIDUALES!$B$2:$B923,0),1),"CÓDIGO DE EXPEDIENTE INVÁLIDO"))} | H63: {=IF($A63="","",IFERROR(INDEX(MA_INDIVIDUALES!L$2:L923, MATCH($A63,MA_INDIVIDUALES!$B$2:$B923,0),1),"CÓDIGO DE EXPEDIENTE INVÁLIDO"))} | L63: =IF(A63="","",IF(K63="","",_xlfn.WORKDAY.INTL(K63,5,1,FERIADOS))) | P63: =IF(A63="","",IF(M63="NO","NO PRESENTÓ DESCARGOS",IF(N63="",IF(TODAY()<=L63,"EN PLAZO","VENCIDO"),IF(N63<=L63,"PRESENTADO EN PLAZO","PRESENTADO FUERA DE PLAZO")))) | Y63: =IF(A63="","",IF(U63="SI","ELABORAR MC",IF(U63="NO","NO AMERITA ELABORAR MC","EN PROCESO"))) | Z63: =IF(A63="","",IF(AND(AR63=-1,Y63="ELABORAR MC"),"SIN REGISTRO DE ETAPAS",IF(AND(AR63=0,Y63="ELABORAR MC"),"EN PROCESO",IF(AND(AR63=1,Y63="ELABORAR MC",AB63=""),"EN ESPERA DE REGISTRO DE RESOLUCIÓN",IF(AND(AR63=1,Y63="ELABORAR MC",AB63<>""),"TERMINADO",IF(OR(Y63="NO AMERITA MC",Y63="EN PROCESO"),"","")))))) | AE63: =IF(U63="","",IF(AD63="","",_xlfn.WORKDAY.INTL(AD63,7,1,FERIADOS))) | AG63: {=IF(A63="","",IF(AF63="","",AF63*INDEX(PARAMETROS!F$2:F1126,MATCH(YEAR(AC63),PARAMETROS!E$2:E1126,0),1)))} | AQ63: =IF($A63="","",IF(OR(AB63="",AL63="EN EJECUCIÓN"),"EN PROCESO", IF(AE63="","INDICAR FECHA DE NOTIFICACIÓN",IF(AM63="","NO PAGÓ MULTA",IF(AM63="",IF(TODAY()<=AE63,"EN PLAZO","VENCIDO"),IF(AM63<=AE63,"PAGADO EN PLAZO","PAGADO FUERA DE PLAZO")))))) | AR63: {=IF(A63="","",IFERROR(INDEX('2) Etapas'!L$3:L923,MATCH(B63,'2) Etapas'!$A$4:$A923,0),1),-1))} | AS63: =IF(A63="","",A63) | AT63: =IF(A63="","",IF(AU63="","MULTA EN ELABORACIÓN", "MULTA IMPUESTA")) | AU63: =IF(OR($A63="",$AB63="", $AC63=""),"", INDEX($AB$4:$AB982,MATCH(CONCATENATE($A63,$AV63),$A$4:$A982&$AC$4:$AC982,0),1)) | AV63: {=IF(OR($A63="",$AB63="", $AC63=""),"",MAXA(IF($A63=$A$4:$A923,$AC$4:$AC923)))}
B64: =IF(A64="","",IF(E64="","INDICAR NÚMERO DE PROYECTO",CONCATENATE("MULTA COERCITIVA - ",E64,"/",F64))) | D64: =IF(A64="","",IF(AL64<>"","EN ETAPA DE COBRANZA",IF(AH64<>"","EN SEGUIMIENTO DE MULTA",IF(AB64<>"","EN IMPOISICIÓN DE MULTA",IF(Q64<>"","EN ETAPA DE ÁNALISIS DE DESCARGOS",IF(OR(P65="VENCIDO", P65="EN PLAZO"),"EN ETAPA DE DESCARGOS","EN ETAPA DE DESCARGOS")))))) | F64: {=IF($A64="","",IFERROR(INDEX(MA_INDIVIDUALES!C$2:C923, MATCH($A64,MA_INDIVIDUALES!$B$2:$B923,0),1),"CÓDIGO DE EXPEDIENTE INVÁLIDO"))} | G64: {=IF($A64="","",IFERROR(INDEX(MA_INDIVIDUALES!K$2:K923, MATCH($A64,MA_INDIVIDUALES!$B$2:$B923,0),1),"CÓDIGO DE EXPEDIENTE INVÁLIDO"))} | H64: {=IF($A64="","",IFERROR(INDEX(MA_INDIVIDUALES!L$2:L923, MATCH($A64,MA_INDIVIDUALES!$B$2:$B923,0),1),"CÓDIGO DE EXPEDIENTE INVÁLIDO"))} | L64: =IF(A64="","",IF(K64="","",_xlfn.WORKDAY.INTL(K64,5,1,FERIADOS))) | P64: =IF(A64="","",IF(M64="NO","NO PRESENTÓ DESCARGOS",IF(N64="",IF(TODAY()<=L64,"EN PLAZO","VENCIDO"),IF(N64<=L64,"PRESENTADO EN PLAZO","PRESENTADO FUERA DE PLAZO")))) | Y64: =IF(A64="","",IF(U64="SI","ELABORAR MC",IF(U64="NO","NO AMERITA ELABORAR MC","EN PROCESO"))) | Z64: =IF(A64="","",IF(AND(AR64=-1,Y64="ELABORAR MC"),"SIN REGISTRO DE ETAPAS",IF(AND(AR64=0,Y64="ELABORAR MC"),"EN PROCESO",IF(AND(AR64=1,Y64="ELABORAR MC",AB64=""),"EN ESPERA DE REGISTRO DE RESOLUCIÓN",IF(AND(AR64=1,Y64="ELABORAR MC",AB64<>""),"TERMINADO",IF(OR(Y64="NO AMERITA MC",Y64="EN PROCESO"),"","")))))) | AE64: =IF(U64="","",IF(AD64="","",_xlfn.WORKDAY.INTL(AD64,7,1,FERIADOS))) | AG64: {=IF(A64="","",IF(AF64="","",AF64*INDEX(PARAMETROS!F$2:F1127,MATCH(YEAR(AC64),PARAMETROS!E$2:E1127,0),1)))} | AQ64: =IF($A64="","",IF(OR(AB64="",AL64="EN EJECUCIÓN"),"EN PROCESO", IF(AE64="","INDICAR FECHA DE NOTIFICACIÓN",IF(AM64="","NO PAGÓ MULTA",IF(AM64="",IF(TODAY()<=AE64,"EN PLAZO","VENCIDO"),IF(AM64<=AE64,"PAGADO EN PLAZO","PAGADO FUERA DE PLAZO")))))) | AR64: {=IF(A64="","",IFERROR(INDEX('2) Etapas'!L$3:L923,MATCH(B64,'2) Etapas'!$A$4:$A923,0),1),-1))} | AS64: =IF(A64="","",A64) | AT64: =IF(A64="","",IF(AU64="","MULTA EN ELABORACIÓN", "MULTA IMPUESTA")) | AU64: =IF(OR($A64="",$AB64="", $AC64=""),"", INDEX($AB$4:$AB983,MATCH(CONCATENATE($A64,$AV64),$A$4:$A983&$AC$4:$AC983,0),1)) | AV64: {=IF(OR($A64="",$AB64="", $AC64=""),"",MAXA(IF($A64=$A$4:$A923,$AC$4:$AC923)))}
B65: =IF(A65="","",IF(E65="","INDICAR NÚMERO DE PROYECTO",CONCATENATE("MULTA COERCITIVA - ",E65,"/",F65))) | D65: =IF(A65="","",IF(AL65<>"","EN ETAPA DE COBRANZA",IF(AH65<>"","EN SEGUIMIENTO DE MULTA",IF(AB65<>"","EN IMPOISICIÓN DE MULTA",IF(Q65<>"","EN ETAPA DE ÁNALISIS DE DESCARGOS",IF(OR(P66="VENCIDO", P66="EN PLAZO"),"EN ETAPA DE DESCARGOS","EN ETAPA DE DESCARGOS")))))) | F65: {=IF($A65="","",IFERROR(INDEX(MA_INDIVIDUALES!C$2:C923, MATCH($A65,MA_INDIVIDUALES!$B$2:$B923,0),1),"CÓDIGO DE EXPEDIENTE INVÁLIDO"))} | G65: {=IF($A65="","",IFERROR(INDEX(MA_INDIVIDUALES!K$2:K923, MATCH($A65,MA_INDIVIDUALES!$B$2:$B923,0),1),"CÓDIGO DE EXPEDIENTE INVÁLIDO"))} | H65: {=IF($A65="","",IFERROR(INDEX(MA_INDIVIDUALES!L$2:L923, MATCH($A65,MA_INDIVIDUALES!$B$2:$B923,0),1),"CÓDIGO DE EXPEDIENTE INVÁLIDO"))} | L65: =IF(A65="","",IF(K65="","",_xlfn.WORKDAY.INTL(K65,5,1,FERIADOS))) | P65: =IF(A65="","",IF(M65="NO","NO PRESENTÓ DESCARGOS",IF(N65="",IF(TODAY()<=L65,"EN PLAZO","VENCIDO"),IF(N65<=L65,"PRESENTADO EN PLAZO","PRESENTADO FUERA DE PLAZO")))) | Y65: =IF(A65="","",IF(U65="SI","ELABORAR MC",IF(U65="NO","NO AMERITA ELABORAR MC","EN PROCESO"))) | Z65: =IF(A65="","",IF(AND(AR65=-1,Y65="ELABORAR MC"),"SIN REGISTRO DE ETAPAS",IF(AND(AR65=0,Y65="ELABORAR MC"),"EN PROCESO",IF(AND(AR65=1,Y65="ELABORAR MC",AB65=""),"EN ESPERA DE REGISTRO DE RESOLUCIÓN",IF(AND(AR65=1,Y65="ELABORAR MC",AB65<>""),"TERMINADO",IF(OR(Y65="NO AMERITA MC",Y65="EN PROCESO"),"","")))))) | AE65: =IF(U65="","",IF(AD65="","",_xlfn.WORKDAY.INTL(AD65,7,1,FERIADOS))) | AG65: {=IF(A65="","",IF(AF65="","",AF65*INDEX(PARAMETROS!F$2:F1128,MATCH(YEAR(AC65),PARAMETROS!E$2:E1128,0),1)))} | AQ65: =IF($A65="","",IF(OR(AB65="",AL65="EN EJECUCIÓN"),"EN PROCESO", IF(AE65="","INDICAR FECHA DE NOTIFICACIÓN",IF(AM65="","NO PAGÓ MULTA",IF(AM65="",IF(TODAY()<=AE65,"EN PLAZO","VENCIDO"),IF(AM65<=AE65,"PAGADO EN PLAZO","PAGADO FUERA DE PLAZO")))))) | AR65: {=IF(A65="","",IFERROR(INDEX('2) Etapas'!L$3:L923,MATCH(B65,'2) Etapas'!$A$4:$A923,0),1),-1))} | AS65: =IF(A65="","",A65) | AT65: =IF(A65="","",IF(AU65="","MULTA EN ELABORACIÓN", "MULTA IMPUESTA")) | AU65: =IF(OR($A65="",$AB65="", $AC65=""),"", INDEX($AB$4:$AB984,MATCH(CONCATENATE($A65,$AV65),$A$4:$A984&$AC$4:$AC984,0),1)) | AV65: {=IF(OR($A65="",$AB65="", $AC65=""),"",MAXA(IF($A65=$A$4:$A923,$AC$4:$AC923)))}
B66: =IF(A66="","",IF(E66="","INDICAR NÚMERO DE PROYECTO",CONCATENATE("MULTA COERCITIVA - ",E66,"/",F66))) | D66: =IF(A66="","",IF(AL66<>"","EN ETAPA DE COBRANZA",IF(AH66<>"","EN SEGUIMIENTO DE MULTA",IF(AB66<>"","EN IMPOISICIÓN DE MULTA",IF(Q66<>"","EN ETAPA DE ÁNALISIS DE DESCARGOS",IF(OR(P67="VENCIDO", P67="EN PLAZO"),"EN ETAPA DE DESCARGOS","EN ETAPA DE DESCARGOS")))))) | F66: {=IF($A66="","",IFERROR(INDEX(MA_INDIVIDUALES!C$2:C923, MATCH($A66,MA_INDIVIDUALES!$B$2:$B923,0),1),"CÓDIGO DE EXPEDIENTE INVÁLIDO"))} | G66: {=IF($A66="","",IFERROR(INDEX(MA_INDIVIDUALES!K$2:K923, MATCH($A66,MA_INDIVIDUALES!$B$2:$B923,0),1),"CÓDIGO DE EXPEDIENTE INVÁLIDO"))} | H66: {=IF($A66="","",IFERROR(INDEX(MA_INDIVIDUALES!L$2:L923, MATCH($A66,MA_INDIVIDUALES!$B$2:$B923,0),1),"CÓDIGO DE EXPEDIENTE INVÁLIDO"))} | L66: =IF(A66="","",IF(K66="","",_xlfn.WORKDAY.INTL(K66,5,1,FERIADOS))) | P66: =IF(A66="","",IF(M66="NO","NO PRESENTÓ DESCARGOS",IF(N66="",IF(TODAY()<=L66,"EN PLAZO","VENCIDO"),IF(N66<=L66,"PRESENTADO EN PLAZO","PRESENTADO FUERA DE PLAZO")))) | Y66: =IF(A66="","",IF(U66="SI","ELABORAR MC",IF(U66="NO","NO AMERITA ELABORAR MC","EN PROCESO"))) | Z66: =IF(A66="","",IF(AND(AR66=-1,Y66="ELABORAR MC"),"SIN REGISTRO DE ETAPAS",IF(AND(AR66=0,Y66="ELABORAR MC"),"EN PROCESO",IF(AND(AR66=1,Y66="ELABORAR MC",AB66=""),"EN ESPERA DE REGISTRO DE RESOLUCIÓN",IF(AND(AR66=1,Y66="ELABORAR MC",AB66<>""),"TERMINADO",IF(OR(Y66="NO AMERITA MC",Y66="EN PROCESO"),"","")))))) | AE66: =IF(U66="","",IF(AD66="","",_xlfn.WORKDAY.INTL(AD66,7,1,FERIADOS))) | AG66: {=IF(A66="","",IF(AF66="","",AF66*INDEX(PARAMETROS!F$2:F1129,MATCH(YEAR(AC66),PARAMETROS!E$2:E1129,0),1)))} | AQ66: =IF($A66="","",IF(OR(AB66="",AL66="EN EJECUCIÓN"),"EN PROCESO", IF(AE66="","INDICAR FECHA DE NOTIFICACIÓN",IF(AM66="","NO PAGÓ MULTA",IF(AM66="",IF(TODAY()<=AE66,"EN PLAZO","VENCIDO"),IF(AM66<=AE66,"PAGADO EN PLAZO","PAGADO FUERA DE PLAZO")))))) | AR66: {=IF(A66="","",IFERROR(INDEX('2) Etapas'!L$3:L923,MATCH(B66,'2) Etapas'!$A$4:$A923,0),1),-1))} | AS66: =IF(A66="","",A66) | AT66: =IF(A66="","",IF(AU66="","MULTA EN ELABORACIÓN", "MULTA IMPUESTA")) | AU66: =IF(OR($A66="",$AB66="", $AC66=""),"", INDEX($AB$4:$AB985,MATCH(CONCATENATE($A66,$AV66),$A$4:$A985&$AC$4:$AC985,0),1)) | AV66: {=IF(OR($A66="",$AB66="", $AC66=""),"",MAXA(IF($A66=$A$4:$A923,$AC$4:$AC923)))}
B67: =IF(A67="","",IF(E67="","INDICAR NÚMERO DE PROYECTO",CONCATENATE("MULTA COERCITIVA - ",E67,"/",F67))) | D67: =IF(A67="","",IF(AL67<>"","EN ETAPA DE COBRANZA",IF(AH67<>"","EN SEGUIMIENTO DE MULTA",IF(AB67<>"","EN IMPOISICIÓN DE MULTA",IF(Q67<>"","EN ETAPA DE ÁNALISIS DE DESCARGOS",IF(OR(P68="VENCIDO", P68="EN PLAZO"),"EN ETAPA DE DESCARGOS","EN ETAPA DE DESCARGOS")))))) | F67: {=IF($A67="","",IFERROR(INDEX(MA_INDIVIDUALES!C$2:C923, MATCH($A67,MA_INDIVIDUALES!$B$2:$B923,0),1),"CÓDIGO DE EXPEDIENTE INVÁLIDO"))} | G67: {=IF($A67="","",IFERROR(INDEX(MA_INDIVIDUALES!K$2:K923, MATCH($A67,MA_INDIVIDUALES!$B$2:$B923,0),1),"CÓDIGO DE EXPEDIENTE INVÁLIDO"))} | H67: {=IF($A67="","",IFERROR(INDEX(MA_INDIVIDUALES!L$2:L923, MATCH($A67,MA_INDIVIDUALES!$B$2:$B923,0),1),"CÓDIGO DE EXPEDIENTE INVÁLIDO"))} | L67: =IF(A67="","",IF(K67="","",_xlfn.WORKDAY.INTL(K67,5,1,FERIADOS))) | P67: =IF(A67="","",IF(M67="NO","NO PRESENTÓ DESCARGOS",IF(N67="",IF(TODAY()<=L67,"EN PLAZO","VENCIDO"),IF(N67<=L67,"PRESENTADO EN PLAZO","PRESENTADO FUERA DE PLAZO")))) | Y67: =IF(A67="","",IF(U67="SI","ELABORAR MC",IF(U67="NO","NO AMERITA ELABORAR MC","EN PROCESO"))) | Z67: =IF(A67="","",IF(AND(AR67=-1,Y67="ELABORAR MC"),"SIN REGISTRO DE ETAPAS",IF(AND(AR67=0,Y67="ELABORAR MC"),"EN PROCESO",IF(AND(AR67=1,Y67="ELABORAR MC",AB67=""),"EN ESPERA DE REGISTRO DE RESOLUCIÓN",IF(AND(AR67=1,Y67="ELABORAR MC",AB67<>""),"TERMINADO",IF(OR(Y67="NO AMERITA MC",Y67="EN PROCESO"),"","")))))) | AE67: =IF(U67="","",IF(AD67="","",_xlfn.WORKDAY.INTL(AD67,7,1,FERIADOS))) | AG67: {=IF(A67="","",IF(AF67="","",AF67*INDEX(PARAMETROS!F$2:F1130,MATCH(YEAR(AC67),PARAMETROS!E$2:E1130,0),1)))} | AQ67: =IF($A67="","",IF(OR(AB67="",AL67="EN EJECUCIÓN"),"EN PROCESO", IF(AE67="","INDICAR FECHA DE NOTIFICACIÓN",IF(AM67="","NO PAGÓ MULTA",IF(AM67="",IF(TODAY()<=AE67,"EN PLAZO","VENCIDO"),IF(AM67<=AE67,"PAGADO EN PLAZO","PAGADO FUERA DE PLAZO")))))) | AR67: {=IF(A67="","",IFERROR(INDEX('2) Etapas'!L$3:L923,MATCH(B67,'2) Etapas'!$A$4:$A923,0),1),-1))} | AS67: =IF(A67="","",A67) | AT67: =IF(A67="","",IF(AU67="","MULTA EN ELABORACIÓN", "MULTA IMPUESTA")) | AU67: =IF(OR($A67="",$AB67="", $AC67=""),"", INDEX($AB$4:$AB986,MATCH(CONCATENATE($A67,$AV67),$A$4:$A986&$AC$4:$AC986,0),1)) | AV67: {=IF(OR($A67="",$AB67="", $AC67=""),"",MAXA(IF($A67=$A$4:$A923,$AC$4:$AC923)))}
B68: =IF(A68="","",IF(E68="","INDICAR NÚMERO DE PROYECTO",CONCATENATE("MULTA COERCITIVA - ",E68,"/",F68))) | D68: =IF(A68="","",IF(AL68<>"","EN ETAPA DE COBRANZA",IF(AH68<>"","EN SEGUIMIENTO DE MULTA",IF(AB68<>"","EN IMPOISICIÓN DE MULTA",IF(Q68<>"","EN ETAPA DE ÁNALISIS DE DESCARGOS",IF(OR(P69="VENCIDO", P69="EN PLAZO"),"EN ETAPA DE DESCARGOS","EN ETAPA DE DESCARGOS")))))) | F68: {=IF($A68="","",IFERROR(INDEX(MA_INDIVIDUALES!C$2:C923, MATCH($A68,MA_INDIVIDUALES!$B$2:$B923,0),1),"CÓDIGO DE EXPEDIENTE INVÁLIDO"))} | G68: {=IF($A68="","",IFERROR(INDEX(MA_INDIVIDUALES!K$2:K923, MATCH($A68,MA_INDIVIDUALES!$B$2:$B923,0),1),"CÓDIGO DE EXPEDIENTE INVÁLIDO"))} | H68: {=IF($A68="","",IFERROR(INDEX(MA_INDIVIDUALES!L$2:L923, MATCH($A68,MA_INDIVIDUALES!$B$2:$B923,0),1),"CÓDIGO DE EXPEDIENTE INVÁLIDO"))} | L68: =IF(A68="","",IF(K68="","",_xlfn.WORKDAY.INTL(K68,5,1,FERIADOS))) | P68: =IF(A68="","",IF(M68="NO","NO PRESENTÓ DESCARGOS",IF(N68="",IF(TODAY()<=L68,"EN PLAZO","VENCIDO"),IF(N68<=L68,"PRESENTADO EN PLAZO","PRESENTADO FUERA DE PLAZO")))) | Y68: =IF(A68="","",IF(U68="SI","ELABORAR MC",IF(U68="NO","NO AMERITA ELABORAR MC","EN PROCESO"))) | Z68: =IF(A68="","",IF(AND(AR68=-1,Y68="ELABORAR MC"),"SIN REGISTRO DE ETAPAS",IF(AND(AR68=0,Y68="ELABORAR MC"),"EN PROCESO",IF(AND(AR68=1,Y68="ELABORAR MC",AB68=""),"EN ESPERA DE REGISTRO DE RESOLUCIÓN",IF(AND(AR68=1,Y68="ELABORAR MC",AB68<>""),"TERMINADO",IF(OR(Y68="NO AMERITA MC",Y68="EN PROCESO"),"","")))))) | AE68: =IF(U68="","",IF(AD68="","",_xlfn.WORKDAY.INTL(AD68,7,1,FERIADOS))) | AG68: {=IF(A68="","",IF(AF68="","",AF68*INDEX(PARAMETROS!F$2:F1131,MATCH(YEAR(AC68),PARAMETROS!E$2:E1131,0),1)))} | AQ68: =IF($A68="","",IF(OR(AB68="",AL68="EN EJECUCIÓN"),"EN PROCESO", IF(AE68="","INDICAR FECHA DE NOTIFICACIÓN",IF(AM68="","NO PAGÓ MULTA",IF(AM68="",IF(TODAY()<=AE68,"EN PLAZO","VENCIDO"),IF(AM68<=AE68,"PAGADO EN PLAZO","PAGADO FUERA DE PLAZO")))))) | AR68: {=IF(A68="","",IFERROR(INDEX('2) Etapas'!L$3:L923,MATCH(B68,'2) Etapas'!$A$4:$A923,0),1),-1))} | AS68: =IF(A68="","",A68) | AT68: =IF(A68="","",IF(AU68="","MULTA EN ELABORACIÓN", "MULTA IMPUESTA")) | AU68: =IF(OR($A68="",$AB68="", $AC68=""),"", INDEX($AB$4:$AB987,MATCH(CONCATENATE($A68,$AV68),$A$4:$A987&$AC$4:$AC987,0),1)) | AV68: {=IF(OR($A68="",$AB68="", $AC68=""),"",MAXA(IF($A68=$A$4:$A923,$AC$4:$AC923)))}
B69: =IF(A69="","",IF(E69="","INDICAR NÚMERO DE PROYECTO",CONCATENATE("MULTA COERCITIVA - ",E69,"/",F69))) | D69: =IF(A69="","",IF(AL69<>"","EN ETAPA DE COBRANZA",IF(AH69<>"","EN SEGUIMIENTO DE MULTA",IF(AB69<>"","EN IMPOISICIÓN DE MULTA",IF(Q69<>"","EN ETAPA DE ÁNALISIS DE DESCARGOS",IF(OR(P70="VENCIDO", P70="EN PLAZO"),"EN ETAPA DE DESCARGOS","EN ETAPA DE DESCARGOS")))))) | F69: {=IF($A69="","",IFERROR(INDEX(MA_INDIVIDUALES!C$2:C923, MATCH($A69,MA_INDIVIDUALES!$B$2:$B923,0),1),"CÓDIGO DE EXPEDIENTE INVÁLIDO"))} | G69: {=IF($A69="","",IFERROR(INDEX(MA_INDIVIDUALES!K$2:K923, MATCH($A69,MA_INDIVIDUALES!$B$2:$B923,0),1),"CÓDIGO DE EXPEDIENTE INVÁLIDO"))} | H69: {=IF($A69="","",IFERROR(INDEX(MA_INDIVIDUALES!L$2:L923, MATCH($A69,MA_INDIVIDUALES!$B$2:$B923,0),1),"CÓDIGO DE EXPEDIENTE INVÁLIDO"))} | L69: =IF(A69="","",IF(K69="","",_xlfn.WORKDAY.INTL(K69,5,1,FERIADOS))) | P69: =IF(A69="","",IF(M69="NO","NO PRESENTÓ DESCARGOS",IF(N69="",IF(TODAY()<=L69,"EN PLAZO","VENCIDO"),IF(N69<=L69,"PRESENTADO EN PLAZO","PRESENTADO FUERA DE PLAZO")))) | Y69: =IF(A69="","",IF(U69="SI","ELABORAR MC",IF(U69="NO","NO AMERITA ELABORAR MC","EN PROCESO"))) | Z69: =IF(A69="","",IF(AND(AR69=-1,Y69="ELABORAR MC"),"SIN REGISTRO DE ETAPAS",IF(AND(AR69=0,Y69="ELABORAR MC"),"EN PROCESO",IF(AND(AR69=1,Y69="ELABORAR MC",AB69=""),"EN ESPERA DE REGISTRO DE RESOLUCIÓN",IF(AND(AR69=1,Y69="ELABORAR MC",AB69<>""),"TERMINADO",IF(OR(Y69="NO AMERITA MC",Y69="EN PROCESO"),"","")))))) | AE69: =IF(U69="","",IF(AD69="","",_xlfn.WORKDAY.INTL(AD69,7,1,FERIADOS))) | AG69: {=IF(A69="","",IF(AF69="","",AF69*INDEX(PARAMETROS!F$2:F1132,MATCH(YEAR(AC69),PARAMETROS!E$2:E1132,0),1)))} | AQ69: =IF($A69="","",IF(OR(AB69="",AL69="EN EJECUCIÓN"),"EN PROCESO", IF(AE69="","INDICAR FECHA DE NOTIFICACIÓN",IF(AM69="","NO PAGÓ MULTA",IF(AM69="",IF(TODAY()<=AE69,"EN PLAZO","VENCIDO"),IF(AM69<=AE69,"PAGADO EN PLAZO","PAGADO FUERA DE PLAZO")))))) | AR69: {=IF(A69="","",IFERROR(INDEX('2) Etapas'!L$3:L923,MATCH(B69,'2) Etapas'!$A$4:$A923,0),1),-1))} | AS69: =IF(A69="","",A69) | AT69: =IF(A69="","",IF(AU69="","MULTA EN ELABORACIÓN", "MULTA IMPUESTA")) | AU69: =IF(OR($A69="",$AB69="", $AC69=""),"", INDEX($AB$4:$AB988,MATCH(CONCATENATE($A69,$AV69),$A$4:$A988&$AC$4:$AC988,0),1)) | AV69: {=IF(OR($A69="",$AB69="", $AC69=""),"",MAXA(IF($A69=$A$4:$A923,$AC$4:$AC923)))}
B70: =IF(A70="","",IF(E70="","INDICAR NÚMERO DE PROYECTO",CONCATENATE("MULTA COERCITIVA - ",E70,"/",F70))) | D70: =IF(A70="","",IF(AL70<>"","EN ETAPA DE COBRANZA",IF(AH70<>"","EN SEGUIMIENTO DE MULTA",IF(AB70<>"","EN IMPOISICIÓN DE MULTA",IF(Q70<>"","EN ETAPA DE ÁNALISIS DE DESCARGOS",IF(OR(P71="VENCIDO", P71="EN PLAZO"),"EN ETAPA DE DESCARGOS","EN ETAPA DE DESCARGOS")))))) | F70: {=IF($A70="","",IFERROR(INDEX(MA_INDIVIDUALES!C$2:C923, MATCH($A70,MA_INDIVIDUALES!$B$2:$B923,0),1),"CÓDIGO DE EXPEDIENTE INVÁLIDO"))} | G70: {=IF($A70="","",IFERROR(INDEX(MA_INDIVIDUALES!K$2:K923, MATCH($A70,MA_INDIVIDUALES!$B$2:$B923,0),1),"CÓDIGO DE EXPEDIENTE INVÁLIDO"))} | H70: {=IF($A70="","",IFERROR(INDEX(MA_INDIVIDUALES!L$2:L923, MATCH($A70,MA_INDIVIDUALES!$B$2:$B923,0),1),"CÓDIGO DE EXPEDIENTE INVÁLIDO"))} | L70: =IF(A70="","",IF(K70="","",_xlfn.WORKDAY.INTL(K70,5,1,FERIADOS))) | P70: =IF(A70="","",IF(M70="NO","NO PRESENTÓ DESCARGOS",IF(N70="",IF(TODAY()<=L70,"EN PLAZO","VENCIDO"),IF(N70<=L70,"PRESENTADO EN PLAZO","PRESENTADO FUERA DE PLAZO")))) | Y70: =IF(A70="","",IF(U70="SI","ELABORAR MC",IF(U70="NO","NO AMERITA ELABORAR MC","EN PROCESO"))) | Z70: =IF(A70="","",IF(AND(AR70=-1,Y70="ELABORAR MC"),"SIN REGISTRO DE ETAPAS",IF(AND(AR70=0,Y70="ELABORAR MC"),"EN PROCESO",IF(AND(AR70=1,Y70="ELABORAR MC",AB70=""),"EN ESPERA DE REGISTRO DE RESOLUCIÓN",IF(AND(AR70=1,Y70="ELABORAR MC",AB70<>""),"TERMINADO",IF(OR(Y70="NO AMERITA MC",Y70="EN PROCESO"),"","")))))) | AE70: =IF(U70="","",IF(AD70="","",_xlfn.WORKDAY.INTL(AD70,7,1,FERIADOS))) | AG70: {=IF(A70="","",IF(AF70="","",AF70*INDEX(PARAMETROS!F$2:F1133,MATCH(YEAR(AC70),PARAMETROS!E$2:E1133,0),1)))} | AQ70: =IF($A70="","",IF(OR(AB70="",AL70="EN EJECUCIÓN"),"EN PROCESO", IF(AE70="","INDICAR FECHA DE NOTIFICACIÓN",IF(AM70="","NO PAGÓ MULTA",IF(AM70="",IF(TODAY()<=AE70,"EN PLAZO","VENCIDO"),IF(AM70<=AE70,"PAGADO EN PLAZO","PAGADO FUERA DE PLAZO")))))) | AR70: {=IF(A70="","",IFERROR(INDEX('2) Etapas'!L$3:L923,MATCH(B70,'2) Etapas'!$A$4:$A923,0),1),-1))} | AS70: =IF(A70="","",A70) | AT70: =IF(A70="","",IF(AU70="","MULTA EN ELABORACIÓN", "MULTA IMPUESTA")) | AU70: =IF(OR($A70="",$AB70="", $AC70=""),"", INDEX($AB$4:$AB989,MATCH(CONCATENATE($A70,$AV70),$A$4:$A989&$AC$4:$AC989,0),1)) | AV70: {=IF(OR($A70="",$AB70="", $AC70=""),"",MAXA(IF($A70=$A$4:$A923,$AC$4:$AC923)))}
B71: =IF(A71="","",IF(E71="","INDICAR NÚMERO DE PROYECTO",CONCATENATE("MULTA COERCITIVA - ",E71,"/",F71))) | D71: =IF(A71="","",IF(AL71<>"","EN ETAPA DE COBRANZA",IF(AH71<>"","EN SEGUIMIENTO DE MULTA",IF(AB71<>"","EN IMPOISICIÓN DE MULTA",IF(Q71<>"","EN ETAPA DE ÁNALISIS DE DESCARGOS",IF(OR(P72="VENCIDO", P72="EN PLAZO"),"EN ETAPA DE DESCARGOS","EN ETAPA DE DESCARGOS")))))) | F71: {=IF($A71="","",IFERROR(INDEX(MA_INDIVIDUALES!C$2:C923, MATCH($A71,MA_INDIVIDUALES!$B$2:$B923,0),1),"CÓDIGO DE EXPEDIENTE INVÁLIDO"))} | G71: {=IF($A71="","",IFERROR(INDEX(MA_INDIVIDUALES!K$2:K923, MATCH($A71,MA_INDIVIDUALES!$B$2:$B923,0),1),"CÓDIGO DE EXPEDIENTE INVÁLIDO"))} | H71: {=IF($A71="","",IFERROR(INDEX(MA_INDIVIDUALES!L$2:L923, MATCH($A71,MA_INDIVIDUALES!$B$2:$B923,0),1),"CÓDIGO DE EXPEDIENTE INVÁLIDO"))} | L71: =IF(A71="","",IF(K71="","",_xlfn.WORKDAY.INTL(K71,5,1,FERIADOS))) | P71: =IF(A71="","",IF(M71="NO","NO PRESENTÓ DESCARGOS",IF(N71="",IF(TODAY()<=L71,"EN PLAZO","VENCIDO"),IF(N71<=L71,"PRESENTADO EN PLAZO","PRESENTADO FUERA DE PLAZO")))) | Y71: =IF(A71="","",IF(U71="SI","ELABORAR MC",IF(U71="NO","NO AMERITA ELABORAR MC","EN PROCESO"))) | Z71: =IF(A71="","",IF(AND(AR71=-1,Y71="ELABORAR MC"),"SIN REGISTRO DE ETAPAS",IF(AND(AR71=0,Y71="ELABORAR MC"),"EN PROCESO",IF(AND(AR71=1,Y71="ELABORAR MC",AB71=""),"EN ESPERA DE REGISTRO DE RESOLUCIÓN",IF(AND(AR71=1,Y71="ELABORAR MC",AB71<>""),"TERMINADO",IF(OR(Y71="NO AMERITA MC",Y71="EN PROCESO"),"","")))))) | AE71: =IF(U71="","",IF(AD71="","",_xlfn.WORKDAY.INTL(AD71,7,1,FERIADOS))) | AG71: {=IF(A71="","",IF(AF71="","",AF71*INDEX(PARAMETROS!F$2:F1134,MATCH(YEAR(AC71),PARAMETROS!E$2:E1134,0),1)))} | AQ71: =IF($A71="","",IF(OR(AB71="",AL71="EN EJECUCIÓN"),"EN PROCESO", IF(AE71="","INDICAR FECHA DE NOTIFICACIÓN",IF(AM71="","NO PAGÓ MULTA",IF(AM71="",IF(TODAY()<=AE71,"EN PLAZO","VENCIDO"),IF(AM71<=AE71,"PAGADO EN PLAZO","PAGADO FUERA DE PLAZO")))))) | AR71: {=IF(A71="","",IFERROR(INDEX('2) Etapas'!L$3:L923,MATCH(B71,'2) Etapas'!$A$4:$A923,0),1),-1))} | AS71: =IF(A71="","",A71) | AT71: =IF(A71="","",IF(AU71="","MULTA EN ELABORACIÓN", "MULTA IMPUESTA")) | AU71: =IF(OR($A71="",$AB71="", $AC71=""),"", INDEX($AB$4:$AB990,MATCH(CONCATENATE($A71,$AV71),$A$4:$A990&$AC$4:$AC990,0),1)) | AV71: {=IF(OR($A71="",$AB71="", $AC71=""),"",MAXA(IF($A71=$A$4:$A923,$AC$4:$AC923)))}
B72: =IF(A72="","",IF(E72="","INDICAR NÚMERO DE PROYECTO",CONCATENATE("MULTA COERCITIVA - ",E72,"/",F72))) | D72: =IF(A72="","",IF(AL72<>"","EN ETAPA DE COBRANZA",IF(AH72<>"","EN SEGUIMIENTO DE MULTA",IF(AB72<>"","EN IMPOISICIÓN DE MULTA",IF(Q72<>"","EN ETAPA DE ÁNALISIS DE DESCARGOS",IF(OR(P73="VENCIDO", P73="EN PLAZO"),"EN ETAPA DE DESCARGOS","EN ETAPA DE DESCARGOS")))))) | F72: {=IF($A72="","",IFERROR(INDEX(MA_INDIVIDUALES!C$2:C923, MATCH($A72,MA_INDIVIDUALES!$B$2:$B923,0),1),"CÓDIGO DE EXPEDIENTE INVÁLIDO"))} | G72: {=IF($A72="","",IFERROR(INDEX(MA_INDIVIDUALES!K$2:K923, MATCH($A72,MA_INDIVIDUALES!$B$2:$B923,0),1),"CÓDIGO DE EXPEDIENTE INVÁLIDO"))} | H72: {=IF($A72="","",IFERROR(INDEX(MA_INDIVIDUALES!L$2:L923, MATCH($A72,MA_INDIVIDUALES!$B$2:$B923,0),1),"CÓDIGO DE EXPEDIENTE INVÁLIDO"))} | L72: =IF(A72="","",IF(K72="","",_xlfn.WORKDAY.INTL(K72,5,1,FERIADOS))) | P72: =IF(A72="","",IF(M72="NO","NO PRESENTÓ DESCARGOS",IF(N72="",IF(TODAY()<=L72,"EN PLAZO","VENCIDO"),IF(N72<=L72,"PRESENTADO EN PLAZO","PRESENTADO FUERA DE PLAZO")))) | Y72: =IF(A72="","",IF(U72="SI","ELABORAR MC",IF(U72="NO","NO AMERITA ELABORAR MC","EN PROCESO"))) | Z72: =IF(A72="","",IF(AND(AR72=-1,Y72="ELABORAR MC"),"SIN REGISTRO DE ETAPAS",IF(AND(AR72=0,Y72="ELABORAR MC"),"EN PROCESO",IF(AND(AR72=1,Y72="ELABORAR MC",AB72=""),"EN ESPERA DE REGISTRO DE RESOLUCIÓN",IF(AND(AR72=1,Y72="ELABORAR MC",AB72<>""),"TERMINADO",IF(OR(Y72="NO AMERITA MC",Y72="EN PROCESO"),"","")))))) | AE72: =IF(U72="","",IF(AD72="","",_xlfn.WORKDAY.INTL(AD72,7,1,FERIADOS))) | AG72: {=IF(A72="","",IF(AF72="","",AF72*INDEX(PARAMETROS!F$2:F1135,MATCH(YEAR(AC72),PARAMETROS!E$2:E1135,0),1)))} | AQ72: =IF($A72="","",IF(OR(AB72="",AL72="EN EJECUCIÓN"),"EN PROCESO", IF(AE72="","INDICAR FECHA DE NOTIFICACIÓN",IF(AM72="","NO PAGÓ MULTA",IF(AM72="",IF(TODAY()<=AE72,"EN PLAZO","VENCIDO"),IF(AM72<=AE72,"PAGADO EN PLAZO","PAGADO FUERA DE PLAZO")))))) | AR72: {=IF(A72="","",IFERROR(INDEX('2) Etapas'!L$3:L923,MATCH(B72,'2) Etapas'!$A$4:$A923,0),1),-1))} | AS72: =IF(A72="","",A72) | AT72: =IF(A72="","",IF(AU72="","MULTA EN ELABORACIÓN", "MULTA IMPUESTA")) | AU72: =IF(OR($A72="",$AB72="", $AC72=""),"", INDEX($AB$4:$AB991,MATCH(CONCATENATE($A72,$AV72),$A$4:$A991&$AC$4:$AC991,0),1)) | AV72: {=IF(OR($A72="",$AB72="", $AC72=""),"",MAXA(IF($A72=$A$4:$A923,$AC$4:$AC923)))}
B73: =IF(A73="","",IF(E73="","INDICAR NÚMERO DE PROYECTO",CONCATENATE("MULTA COERCITIVA - ",E73,"/",F73))) | D73: =IF(A73="","",IF(AL73<>"","EN ETAPA DE COBRANZA",IF(AH73<>"","EN SEGUIMIENTO DE MULTA",IF(AB73<>"","EN IMPOISICIÓN DE MULTA",IF(Q73<>"","EN ETAPA DE ÁNALISIS DE DESCARGOS",IF(OR(P74="VENCIDO", P74="EN PLAZO"),"EN ETAPA DE DESCARGOS","EN ETAPA DE DESCARGOS")))))) | F73: {=IF($A73="","",IFERROR(INDEX(MA_INDIVIDUALES!C$2:C923, MATCH($A73,MA_INDIVIDUALES!$B$2:$B923,0),1),"CÓDIGO DE EXPEDIENTE INVÁLIDO"))} | G73: {=IF($A73="","",IFERROR(INDEX(MA_INDIVIDUALES!K$2:K923, MATCH($A73,MA_INDIVIDUALES!$B$2:$B923,0),1),"CÓDIGO DE EXPEDIENTE INVÁLIDO"))} | H73: {=IF($A73="","",IFERROR(INDEX(MA_INDIVIDUALES!L$2:L923, MATCH($A73,MA_INDIVIDUALES!$B$2:$B923,0),1),"CÓDIGO DE EXPEDIENTE INVÁLIDO"))} | L73: =IF(A73="","",IF(K73="","",_xlfn.WORKDAY.INTL(K73,5,1,FERIADOS))) | P73: =IF(A73="","",IF(M73="NO","NO PRESENTÓ DESCARGOS",IF(N73="",IF(TODAY()<=L73,"EN PLAZO","VENCIDO"),IF(N73<=L73,"PRESENTADO EN PLAZO","PRESENTADO FUERA DE PLAZO")))) | Y73: =IF(A73="","",IF(U73="SI","ELABORAR MC",IF(U73="NO","NO AMERITA ELABORAR MC","EN PROCESO"))) | Z73: =IF(A73="","",IF(AND(AR73=-1,Y73="ELABORAR MC"),"SIN REGISTRO DE ETAPAS",IF(AND(AR73=0,Y73="ELABORAR MC"),"EN PROCESO",IF(AND(AR73=1,Y73="ELABORAR MC",AB73=""),"EN ESPERA DE REGISTRO DE RESOLUCIÓN",IF(AND(AR73=1,Y73="ELABORAR MC",AB73<>""),"TERMINADO",IF(OR(Y73="NO AMERITA MC",Y73="EN PROCESO"),"","")))))) | AE73: =IF(U73="","",IF(AD73="","",_xlfn.WORKDAY.INTL(AD73,7,1,FERIADOS))) | AG73: {=IF(A73="","",IF(AF73="","",AF73*INDEX(PARAMETROS!F$2:F1136,MATCH(YEAR(AC73),PARAMETROS!E$2:E1136,0),1)))} | AQ73: =IF($A73="","",IF(OR(AB73="",AL73="EN EJECUCIÓN"),"EN PROCESO", IF(AE73="","INDICAR FECHA DE NOTIFICACIÓN",IF(AM73="","NO PAGÓ MULTA",IF(AM73="",IF(TODAY()<=AE73,"EN PLAZO","VENCIDO"),IF(AM73<=AE73,"PAGADO EN PLAZO","PAGADO FUERA DE PLAZO")))))) | AR73: {=IF(A73="","",IFERROR(INDEX('2) Etapas'!L$3:L923,MATCH(B73,'2) Etapas'!$A$4:$A923,0),1),-1))} | AS73: =IF(A73="","",A73) | AT73: =IF(A73="","",IF(AU73="","MULTA EN ELABORACIÓN", "MULTA IMPUESTA")) | AU73: =IF(OR($A73="",$AB73="", $AC73=""),"", INDEX($AB$4:$AB992,MATCH(CONCATENATE($A73,$AV73),$A$4:$A992&$AC$4:$AC992,0),1)) | AV73: {=IF(OR($A73="",$AB73="", $AC73=""),"",MAXA(IF($A73=$A$4:$A923,$AC$4:$AC923)))}
B74: =IF(A74="","",IF(E74="","INDICAR NÚMERO DE PROYECTO",CONCATENATE("MULTA COERCITIVA - ",E74,"/",F74))) | D74: =IF(A74="","",IF(AL74<>"","EN ETAPA DE COBRANZA",IF(AH74<>"","EN SEGUIMIENTO DE MULTA",IF(AB74<>"","EN IMPOISICIÓN DE MULTA",IF(Q74<>"","EN ETAPA DE ÁNALISIS DE DESCARGOS",IF(OR(P75="VENCIDO", P75="EN PLAZO"),"EN ETAPA DE DESCARGOS","EN ETAPA DE DESCARGOS")))))) | F74: {=IF($A74="","",IFERROR(INDEX(MA_INDIVIDUALES!C$2:C923, MATCH($A74,MA_INDIVIDUALES!$B$2:$B923,0),1),"CÓDIGO DE EXPEDIENTE INVÁLIDO"))} | G74: {=IF($A74="","",IFERROR(INDEX(MA_INDIVIDUALES!K$2:K923, MATCH($A74,MA_INDIVIDUALES!$B$2:$B923,0),1),"CÓDIGO DE EXPEDIENTE INVÁLIDO"))} | H74: {=IF($A74="","",IFERROR(INDEX(MA_INDIVIDUALES!L$2:L923, MATCH($A74,MA_INDIVIDUALES!$B$2:$B923,0),1),"CÓDIGO DE EXPEDIENTE INVÁLIDO"))} | L74: =IF(A74="","",IF(K74="","",_xlfn.WORKDAY.INTL(K74,5,1,FERIADOS))) | P74: =IF(A74="","",IF(M74="NO","NO PRESENTÓ DESCARGOS",IF(N74="",IF(TODAY()<=L74,"EN PLAZO","VENCIDO"),IF(N74<=L74,"PRESENTADO EN PLAZO","PRESENTADO FUERA DE PLAZO")))) | Y74: =IF(A74="","",IF(U74="SI","ELABORAR MC",IF(U74="NO","NO AMERITA ELABORAR MC","EN PROCESO"))) | Z74: =IF(A74="","",IF(AND(AR74=-1,Y74="ELABORAR MC"),"SIN REGISTRO DE ETAPAS",IF(AND(AR74=0,Y74="ELABORAR MC"),"EN PROCESO",IF(AND(AR74=1,Y74="ELABORAR MC",AB74=""),"EN ESPERA DE REGISTRO DE RESOLUCIÓN",IF(AND(AR74=1,Y74="ELABORAR MC",AB74<>""),"TERMINADO",IF(OR(Y74="NO AMERITA MC",Y74="EN PROCESO"),"","")))))) | AE74: =IF(U74="","",IF(AD74="","",_xlfn.WORKDAY.INTL(AD74,7,1,FERIADOS))) | AG74: {=IF(A74="","",IF(AF74="","",AF74*INDEX(PARAMETROS!F$2:F1137,MATCH(YEAR(AC74),PARAMETROS!E$2:E1137,0),1)))} | AQ74: =IF($A74="","",IF(OR(AB74="",AL74="EN EJECUCIÓN"),"EN PROCESO", IF(AE74="","INDICAR FECHA DE NOTIFICACIÓN",IF(AM74="","NO PAGÓ MULTA",IF(AM74="",IF(TODAY()<=AE74,"EN PLAZO","VENCIDO"),IF(AM74<=AE74,"PAGADO EN PLAZO","PAGADO FUERA DE PLAZO")))))) | AR74: {=IF(A74="","",IFERROR(INDEX('2) Etapas'!L$3:L923,MATCH(B74,'2) Etapas'!$A$4:$A923,0),1),-1))} | AS74: =IF(A74="","",A74) | AT74: =IF(A74="","",IF(AU74="","MULTA EN ELABORACIÓN", "MULTA IMPUESTA")) | AU74: =IF(OR($A74="",$AB74="", $AC74=""),"", INDEX($AB$4:$AB993,MATCH(CONCATENATE($A74,$AV74),$A$4:$A993&$AC$4:$AC993,0),1)) | AV74: {=IF(OR($A74="",$AB74="", $AC74=""),"",MAXA(IF($A74=$A$4:$A923,$AC$4:$AC923)))}
B75: =IF(A75="","",IF(E75="","INDICAR NÚMERO DE PROYECTO",CONCATENATE("MULTA COERCITIVA - ",E75,"/",F75))) | D75: =IF(A75="","",IF(AL75<>"","EN ETAPA DE COBRANZA",IF(AH75<>"","EN SEGUIMIENTO DE MULTA",IF(AB75<>"","EN IMPOISICIÓN DE MULTA",IF(Q75<>"","EN ETAPA DE ÁNALISIS DE DESCARGOS",IF(OR(P76="VENCIDO", P76="EN PLAZO"),"EN ETAPA DE DESCARGOS","EN ETAPA DE DESCARGOS")))))) | F75: {=IF($A75="","",IFERROR(INDEX(MA_INDIVIDUALES!C$2:C923, MATCH($A75,MA_INDIVIDUALES!$B$2:$B923,0),1),"CÓDIGO DE EXPEDIENTE INVÁLIDO"))} | G75: {=IF($A75="","",IFERROR(INDEX(MA_INDIVIDUALES!K$2:K923, MATCH($A75,MA_INDIVIDUALES!$B$2:$B923,0),1),"CÓDIGO DE EXPEDIENTE INVÁLIDO"))} | H75: {=IF($A75="","",IFERROR(INDEX(MA_INDIVIDUALES!L$2:L923, MATCH($A75,MA_INDIVIDUALES!$B$2:$B923,0),1),"CÓDIGO DE EXPEDIENTE INVÁLIDO"))} | L75: =IF(A75="","",IF(K75="","",_xlfn.WORKDAY.INTL(K75,5,1,FERIADOS))) | P75: =IF(A75="","",IF(M75="NO","NO PRESENTÓ DESCARGOS",IF(N75="",IF(TODAY()<=L75,"EN PLAZO","VENCIDO"),IF(N75<=L75,"PRESENTADO EN PLAZO","PRESENTADO FUERA DE PLAZO")))) | Y75: =IF(A75="","",IF(U75="SI","ELABORAR MC",IF(U75="NO","NO AMERITA ELABORAR MC","EN PROCESO"))) | Z75: =IF(A75="","",IF(AND(AR75=-1,Y75="ELABORAR MC"),"SIN REGISTRO DE ETAPAS",IF(AND(AR75=0,Y75="ELABORAR MC"),"EN PROCESO",IF(AND(AR75=1,Y75="ELABORAR MC",AB75=""),"EN ESPERA DE REGISTRO DE RESOLUCIÓN",IF(AND(AR75=1,Y75="ELABORAR MC",AB75<>""),"TERMINADO",IF(OR(Y75="NO AMERITA MC",Y75="EN PROCESO"),"","")))))) | AE75: =IF(U75="","",IF(AD75="","",_xlfn.WORKDAY.INTL(AD75,7,1,FERIADOS))) | AG75: {=IF(A75="","",IF(AF75="","",AF75*INDEX(PARAMETROS!F$2:F1138,MATCH(YEAR(AC75),PARAMETROS!E$2:E1138,0),1)))} | AQ75: =IF($A75="","",IF(OR(AB75="",AL75="EN EJECUCIÓN"),"EN PROCESO", IF(AE75="","INDICAR FECHA DE NOTIFICACIÓN",IF(AM75="","NO PAGÓ MULTA",IF(AM75="",IF(TODAY()<=AE75,"EN PLAZO","VENCIDO"),IF(AM75<=AE75,"PAGADO EN PLAZO","PAGADO FUERA DE PLAZO")))))) | AR75: {=IF(A75="","",IFERROR(INDEX('2) Etapas'!L$3:L923,MATCH(B75,'2) Etapas'!$A$4:$A923,0),1),-1))} | AS75: =IF(A75="","",A75) | AT75: =IF(A75="","",IF(AU75="","MULTA EN ELABORACIÓN", "MULTA IMPUESTA")) | AU75: =IF(OR($A75="",$AB75="", $AC75=""),"", INDEX($AB$4:$AB994,MATCH(CONCATENATE($A75,$AV75),$A$4:$A994&$AC$4:$AC994,0),1)) | AV75: {=IF(OR($A75="",$AB75="", $AC75=""),"",MAXA(IF($A75=$A$4:$A923,$AC$4:$AC923)))}
B76: =IF(A76="","",IF(E76="","INDICAR NÚMERO DE PROYECTO",CONCATENATE("MULTA COERCITIVA - ",E76,"/",F76))) | D76: =IF(A76="","",IF(AL76<>"","EN ETAPA DE COBRANZA",IF(AH76<>"","EN SEGUIMIENTO DE MULTA",IF(AB76<>"","EN IMPOISICIÓN DE MULTA",IF(Q76<>"","EN ETAPA DE ÁNALISIS DE DESCARGOS",IF(OR(P77="VENCIDO", P77="EN PLAZO"),"EN ETAPA DE DESCARGOS","EN ETAPA DE DESCARGOS")))))) | F76: {=IF($A76="","",IFERROR(INDEX(MA_INDIVIDUALES!C$2:C923, MATCH($A76,MA_INDIVIDUALES!$B$2:$B923,0),1),"CÓDIGO DE EXPEDIENTE INVÁLIDO"))} | G76: {=IF($A76="","",IFERROR(INDEX(MA_INDIVIDUALES!K$2:K923, MATCH($A76,MA_INDIVIDUALES!$B$2:$B923,0),1),"CÓDIGO DE EXPEDIENTE INVÁLIDO"))} | H76: {=IF($A76="","",IFERROR(INDEX(MA_INDIVIDUALES!L$2:L923, MATCH($A76,MA_INDIVIDUALES!$B$2:$B923,0),1),"CÓDIGO DE EXPEDIENTE INVÁLIDO"))} | L76: =IF(A76="","",IF(K76="","",_xlfn.WORKDAY.INTL(K76,5,1,FERIADOS))) | P76: =IF(A76="","",IF(M76="NO","NO PRESENTÓ DESCARGOS",IF(N76="",IF(TODAY()<=L76,"EN PLAZO","VENCIDO"),IF(N76<=L76,"PRESENTADO EN PLAZO","PRESENTADO FUERA DE PLAZO")))) | Y76: =IF(A76="","",IF(U76="SI","ELABORAR MC",IF(U76="NO","NO AMERITA ELABORAR MC","EN PROCESO"))) | Z76: =IF(A76="","",IF(AND(AR76=-1,Y76="ELABORAR MC"),"SIN REGISTRO DE ETAPAS",IF(AND(AR76=0,Y76="ELABORAR MC"),"EN PROCESO",IF(AND(AR76=1,Y76="ELABORAR MC",AB76=""),"EN ESPERA DE REGISTRO DE RESOLUCIÓN",IF(AND(AR76=1,Y76="ELABORAR MC",AB76<>""),"TERMINADO",IF(OR(Y76="NO AMERITA MC",Y76="EN PROCESO"),"","")))))) | AE76: =IF(U76="","",IF(AD76="","",_xlfn.WORKDAY.INTL(AD76,7,1,FERIADOS))) | AG76: {=IF(A76="","",IF(AF76="","",AF76*INDEX(PARAMETROS!F$2:F1139,MATCH(YEAR(AC76),PARAMETROS!E$2:E1139,0),1)))} | AQ76: =IF($A76="","",IF(OR(AB76="",AL76="EN EJECUCIÓN"),"EN PROCESO", IF(AE76="","INDICAR FECHA DE NOTIFICACIÓN",IF(AM76="","NO PAGÓ MULTA",IF(AM76="",IF(TODAY()<=AE76,"EN PLAZO","VENCIDO"),IF(AM76<=AE76,"PAGADO EN PLAZO","PAGADO FUERA DE PLAZO")))))) | AR76: {=IF(A76="","",IFERROR(INDEX('2) Etapas'!L$3:L923,MATCH(B76,'2) Etapas'!$A$4:$A923,0),1),-1))} | AS76: =IF(A76="","",A76) | AT76: =IF(A76="","",IF(AU76="","MULTA EN ELABORACIÓN", "MULTA IMPUESTA")) | AU76: =IF(OR($A76="",$AB76="", $AC76=""),"", INDEX($AB$4:$AB995,MATCH(CONCATENATE($A76,$AV76),$A$4:$A995&$AC$4:$AC995,0),1)) | AV76: {=IF(OR($A76="",$AB76="", $AC76=""),"",MAXA(IF($A76=$A$4:$A923,$AC$4:$AC923)))}
B77: =IF(A77="","",IF(E77="","INDICAR NÚMERO DE PROYECTO",CONCATENATE("MULTA COERCITIVA - ",E77,"/",F77))) | D77: =IF(A77="","",IF(AL77<>"","EN ETAPA DE COBRANZA",IF(AH77<>"","EN SEGUIMIENTO DE MULTA",IF(AB77<>"","EN IMPOISICIÓN DE MULTA",IF(Q77<>"","EN ETAPA DE ÁNALISIS DE DESCARGOS",IF(OR(P78="VENCIDO", P78="EN PLAZO"),"EN ETAPA DE DESCARGOS","EN ETAPA DE DESCARGOS")))))) | F77: {=IF($A77="","",IFERROR(INDEX(MA_INDIVIDUALES!C$2:C923, MATCH($A77,MA_INDIVIDUALES!$B$2:$B923,0),1),"CÓDIGO DE EXPEDIENTE INVÁLIDO"))} | G77: {=IF($A77="","",IFERROR(INDEX(MA_INDIVIDUALES!K$2:K923, MATCH($A77,MA_INDIVIDUALES!$B$2:$B923,0),1),"CÓDIGO DE EXPEDIENTE INVÁLIDO"))} | H77: {=IF($A77="","",IFERROR(INDEX(MA_INDIVIDUALES!L$2:L923, MATCH($A77,MA_INDIVIDUALES!$B$2:$B923,0),1),"CÓDIGO DE EXPEDIENTE INVÁLIDO"))} | L77: =IF(A77="","",IF(K77="","",_xlfn.WORKDAY.INTL(K77,5,1,FERIADOS))) | P77: =IF(A77="","",IF(M77="NO","NO PRESENTÓ DESCARGOS",IF(N77="",IF(TODAY()<=L77,"EN PLAZO","VENCIDO"),IF(N77<=L77,"PRESENTADO EN PLAZO","PRESENTADO FUERA DE PLAZO")))) | Y77: =IF(A77="","",IF(U77="SI","ELABORAR MC",IF(U77="NO","NO AMERITA ELABORAR MC","EN PROCESO"))) | Z77: =IF(A77="","",IF(AND(AR77=-1,Y77="ELABORAR MC"),"SIN REGISTRO DE ETAPAS",IF(AND(AR77=0,Y77="ELABORAR MC"),"EN PROCESO",IF(AND(AR77=1,Y77="ELABORAR MC",AB77=""),"EN ESPERA DE REGISTRO DE RESOLUCIÓN",IF(AND(AR77=1,Y77="ELABORAR MC",AB77<>""),"TERMINADO",IF(OR(Y77="NO AMERITA MC",Y77="EN PROCESO"),"","")))))) | AE77: =IF(U77="","",IF(AD77="","",_xlfn.WORKDAY.INTL(AD77,7,1,FERIADOS))) | AG77: {=IF(A77="","",IF(AF77="","",AF77*INDEX(PARAMETROS!F$2:F1140,MATCH(YEAR(AC77),PARAMETROS!E$2:E1140,0),1)))} | AQ77: =IF($A77="","",IF(OR(AB77="",AL77="EN EJECUCIÓN"),"EN PROCESO", IF(AE77="","INDICAR FECHA DE NOTIFICACIÓN",IF(AM77="","NO PAGÓ MULTA",IF(AM77="",IF(TODAY()<=AE77,"EN PLAZO","VENCIDO"),IF(AM77<=AE77,"PAGADO EN PLAZO","PAGADO FUERA DE PLAZO")))))) | AR77: {=IF(A77="","",IFERROR(INDEX('2) Etapas'!L$3:L923,MATCH(B77,'2) Etapas'!$A$4:$A923,0),1),-1))} | AS77: =IF(A77="","",A77) | AT77: =IF(A77="","",IF(AU77="","MULTA EN ELABORACIÓN", "MULTA IMPUESTA")) | AU77: =IF(OR($A77="",$AB77="", $AC77=""),"", INDEX($AB$4:$AB996,MATCH(CONCATENATE($A77,$AV77),$A$4:$A996&$AC$4:$AC996,0),1)) | AV77: {=IF(OR($A77="",$AB77="", $AC77=""),"",MAXA(IF($A77=$A$4:$A923,$AC$4:$AC923)))}
B78: =IF(A78="","",IF(E78="","INDICAR NÚMERO DE PROYECTO",CONCATENATE("MULTA COERCITIVA - ",E78,"/",F78))) | D78: =IF(A78="","",IF(AL78<>"","EN ETAPA DE COBRANZA",IF(AH78<>"","EN SEGUIMIENTO DE MULTA",IF(AB78<>"","EN IMPOISICIÓN DE MULTA",IF(Q78<>"","EN ETAPA DE ÁNALISIS DE DESCARGOS",IF(OR(P79="VENCIDO", P79="EN PLAZO"),"EN ETAPA DE DESCARGOS","EN ETAPA DE DESCARGOS")))))) | F78: {=IF($A78="","",IFERROR(INDEX(MA_INDIVIDUALES!C$2:C923, MATCH($A78,MA_INDIVIDUALES!$B$2:$B923,0),1),"CÓDIGO DE EXPEDIENTE INVÁLIDO"))} | G78: {=IF($A78="","",IFERROR(INDEX(MA_INDIVIDUALES!K$2:K923, MATCH($A78,MA_INDIVIDUALES!$B$2:$B923,0),1),"CÓDIGO DE EXPEDIENTE INVÁLIDO"))} | H78: {=IF($A78="","",IFERROR(INDEX(MA_INDIVIDUALES!L$2:L923, MATCH($A78,MA_INDIVIDUALES!$B$2:$B923,0),1),"CÓDIGO DE EXPEDIENTE INVÁLIDO"))} | L78: =IF(A78="","",IF(K78="","",_xlfn.WORKDAY.INTL(K78,5,1,FERIADOS))) | P78: =IF(A78="","",IF(M78="NO","NO PRESENTÓ DESCARGOS",IF(N78="",IF(TODAY()<=L78,"EN PLAZO","VENCIDO"),IF(N78<=L78,"PRESENTADO EN PLAZO","PRESENTADO FUERA DE PLAZO")))) | Y78: =IF(A78="","",IF(U78="SI","ELABORAR MC",IF(U78="NO","NO AMERITA ELABORAR MC","EN PROCESO"))) | Z78: =IF(A78="","",IF(AND(AR78=-1,Y78="ELABORAR MC"),"SIN REGISTRO DE ETAPAS",IF(AND(AR78=0,Y78="ELABORAR MC"),"EN PROCESO",IF(AND(AR78=1,Y78="ELABORAR MC",AB78=""),"EN ESPERA DE REGISTRO DE RESOLUCIÓN",IF(AND(AR78=1,Y78="ELABORAR MC",AB78<>""),"TERMINADO",IF(OR(Y78="NO AMERITA MC",Y78="EN PROCESO"),"","")))))) | AE78: =IF(U78="","",IF(AD78="","",_xlfn.WORKDAY.INTL(AD78,7,1,FERIADOS))) | AG78: {=IF(A78="","",IF(AF78="","",AF78*INDEX(PARAMETROS!F$2:F1141,MATCH(YEAR(AC78),PARAMETROS!E$2:E1141,0),1)))} | AQ78: =IF($A78="","",IF(OR(AB78="",AL78="EN EJECUCIÓN"),"EN PROCESO", IF(AE78="","INDICAR FECHA DE NOTIFICACIÓN",IF(AM78="","NO PAGÓ MULTA",IF(AM78="",IF(TODAY()<=AE78,"EN PLAZO","VENCIDO"),IF(AM78<=AE78,"PAGADO EN PLAZO","PAGADO FUERA DE PLAZO")))))) | AR78: {=IF(A78="","",IFERROR(INDEX('2) Etapas'!L$3:L923,MATCH(B78,'2) Etapas'!$A$4:$A923,0),1),-1))} | AS78: =IF(A78="","",A78) | AT78: =IF(A78="","",IF(AU78="","MULTA EN ELABORACIÓN", "MULTA IMPUESTA")) | AU78: =IF(OR($A78="",$AB78="", $AC78=""),"", INDEX($AB$4:$AB997,MATCH(CONCATENATE($A78,$AV78),$A$4:$A997&$AC$4:$AC997,0),1)) | AV78: {=IF(OR($A78="",$AB78="", $AC78=""),"",MAXA(IF($A78=$A$4:$A923,$AC$4:$AC923)))}
B79: =IF(A79="","",IF(E79="","INDICAR NÚMERO DE PROYECTO",CONCATENATE("MULTA COERCITIVA - ",E79,"/",F79))) | D79: =IF(A79="","",IF(AL79<>"","EN ETAPA DE COBRANZA",IF(AH79<>"","EN SEGUIMIENTO DE MULTA",IF(AB79<>"","EN IMPOISICIÓN DE MULTA",IF(Q79<>"","EN ETAPA DE ÁNALISIS DE DESCARGOS",IF(OR(P80="VENCIDO", P80="EN PLAZO"),"EN ETAPA DE DESCARGOS","EN ETAPA DE DESCARGOS")))))) | F79: {=IF($A79="","",IFERROR(INDEX(MA_INDIVIDUALES!C$2:C923, MATCH($A79,MA_INDIVIDUALES!$B$2:$B923,0),1),"CÓDIGO DE EXPEDIENTE INVÁLIDO"))} | G79: {=IF($A79="","",IFERROR(INDEX(MA_INDIVIDUALES!K$2:K923, MATCH($A79,MA_INDIVIDUALES!$B$2:$B923,0),1),"CÓDIGO DE EXPEDIENTE INVÁLIDO"))} | H79: {=IF($A79="","",IFERROR(INDEX(MA_INDIVIDUALES!L$2:L923, MATCH($A79,MA_INDIVIDUALES!$B$2:$B923,0),1),"CÓDIGO DE EXPEDIENTE INVÁLIDO"))} | L79: =IF(A79="","",IF(K79="","",_xlfn.WORKDAY.INTL(K79,5,1,FERIADOS))) | P79: =IF(A79="","",IF(M79="NO","NO PRESENTÓ DESCARGOS",IF(N79="",IF(TODAY()<=L79,"EN PLAZO","VENCIDO"),IF(N79<=L79,"PRESENTADO EN PLAZO","PRESENTADO FUERA DE PLAZO")))) | Y79: =IF(A79="","",IF(U79="SI","ELABORAR MC",IF(U79="NO","NO AMERITA ELABORAR MC","EN PROCESO"))) | Z79: =IF(A79="","",IF(AND(AR79=-1,Y79="ELABORAR MC"),"SIN REGISTRO DE ETAPAS",IF(AND(AR79=0,Y79="ELABORAR MC"),"EN PROCESO",IF(AND(AR79=1,Y79="ELABORAR MC",AB79=""),"EN ESPERA DE REGISTRO DE RESOLUCIÓN",IF(AND(AR79=1,Y79="ELABORAR MC",AB79<>""),"TERMINADO",IF(OR(Y79="NO AMERITA MC",Y79="EN PROCESO"),"","")))))) | AE79: =IF(U79="","",IF(AD79="","",_xlfn.WORKDAY.INTL(AD79,7,1,FERIADOS))) | AG79: {=IF(A79="","",IF(AF79="","",AF79*INDEX(PARAMETROS!F$2:F1142,MATCH(YEAR(AC79),PARAMETROS!E$2:E1142,0),1)))} | AQ79: =IF($A79="","",IF(OR(AB79="",AL79="EN EJECUCIÓN"),"EN PROCESO", IF(AE79="","INDICAR FECHA DE NOTIFICACIÓN",IF(AM79="","NO PAGÓ MULTA",IF(AM79="",IF(TODAY()<=AE79,"EN PLAZO","VENCIDO"),IF(AM79<=AE79,"PAGADO EN PLAZO","PAGADO FUERA DE PLAZO")))))) | AR79: {=IF(A79="","",IFERROR(INDEX('2) Etapas'!L$3:L923,MATCH(B79,'2) Etapas'!$A$4:$A923,0),1),-1))} | AS79: =IF(A79="","",A79) | AT79: =IF(A79="","",IF(AU79="","MULTA EN ELABORACIÓN", "MULTA IMPUESTA")) | AU79: =IF(OR($A79="",$AB79="", $AC79=""),"", INDEX($AB$4:$AB998,MATCH(CONCATENATE($A79,$AV79),$A$4:$A998&$AC$4:$AC998,0),1)) | AV79: {=IF(OR($A79="",$AB79="", $AC79=""),"",MAXA(IF($A79=$A$4:$A923,$AC$4:$AC923)))}
B80: =IF(A80="","",IF(E80="","INDICAR NÚMERO DE PROYECTO",CONCATENATE("MULTA COERCITIVA - ",E80,"/",F80))) | D80: =IF(A80="","",IF(AL80<>"","EN ETAPA DE COBRANZA",IF(AH80<>"","EN SEGUIMIENTO DE MULTA",IF(AB80<>"","EN IMPOISICIÓN DE MULTA",IF(Q80<>"","EN ETAPA DE ÁNALISIS DE DESCARGOS",IF(OR(P81="VENCIDO", P81="EN PLAZO"),"EN ETAPA DE DESCARGOS","EN ETAPA DE DESCARGOS")))))) | F80: {=IF($A80="","",IFERROR(INDEX(MA_INDIVIDUALES!C$2:C923, MATCH($A80,MA_INDIVIDUALES!$B$2:$B923,0),1),"CÓDIGO DE EXPEDIENTE INVÁLIDO"))} | G80: {=IF($A80="","",IFERROR(INDEX(MA_INDIVIDUALES!K$2:K923, MATCH($A80,MA_INDIVIDUALES!$B$2:$B923,0),1),"CÓDIGO DE EXPEDIENTE INVÁLIDO"))} | H80: {=IF($A80="","",IFERROR(INDEX(MA_INDIVIDUALES!L$2:L923, MATCH($A80,MA_INDIVIDUALES!$B$2:$B923,0),1),"CÓDIGO DE EXPEDIENTE INVÁLIDO"))} | L80: =IF(A80="","",IF(K80="","",_xlfn.WORKDAY.INTL(K80,5,1,FERIADOS))) | P80: =IF(A80="","",IF(M80="NO","NO PRESENTÓ DESCARGOS",IF(N80="",IF(TODAY()<=L80,"EN PLAZO","VENCIDO"),IF(N80<=L80,"PRESENTADO EN PLAZO","PRESENTADO FUERA DE PLAZO")))) | Y80: =IF(A80="","",IF(U80="SI","ELABORAR MC",IF(U80="NO","NO AMERITA ELABORAR MC","EN PROCESO"))) | Z80: =IF(A80="","",IF(AND(AR80=-1,Y80="ELABORAR MC"),"SIN REGISTRO DE ETAPAS",IF(AND(AR80=0,Y80="ELABORAR MC"),"EN PROCESO",IF(AND(AR80=1,Y80="ELABORAR MC",AB80=""),"EN ESPERA DE REGISTRO DE RESOLUCIÓN",IF(AND(AR80=1,Y80="ELABORAR MC",AB80<>""),"TERMINADO",IF(OR(Y80="NO AMERITA MC",Y80="EN PROCESO"),"","")))))) | AE80: =IF(U80="","",IF(AD80="","",_xlfn.WORKDAY.INTL(AD80,7,1,FERIADOS))) | AG80: {=IF(A80="","",IF(AF80="","",AF80*INDEX(PARAMETROS!F$2:F1143,MATCH(YEAR(AC80),PARAMETROS!E$2:E1143,0),1)))} | AQ80: =IF($A80="","",IF(OR(AB80="",AL80="EN EJECUCIÓN"),"EN PROCESO", IF(AE80="","INDICAR FECHA DE NOTIFICACIÓN",IF(AM80="","NO PAGÓ MULTA",IF(AM80="",IF(TODAY()<=AE80,"EN PLAZO","VENCIDO"),IF(AM80<=AE80,"PAGADO EN PLAZO","PAGADO FUERA DE PLAZO")))))) | AR80: {=IF(A80="","",IFERROR(INDEX('2) Etapas'!L$3:L923,MATCH(B80,'2) Etapas'!$A$4:$A923,0),1),-1))} | AS80: =IF(A80="","",A80) | AT80: =IF(A80="","",IF(AU80="","MULTA EN ELABORACIÓN", "MULTA IMPUESTA")) | AU80: =IF(OR($A80="",$AB80="", $AC80=""),"", INDEX($AB$4:$AB999,MATCH(CONCATENATE($A80,$AV80),$A$4:$A999&$AC$4:$AC999,0),1)) | AV80: {=IF(OR($A80="",$AB80="", $AC80=""),"",MAXA(IF($A80=$A$4:$A923,$AC$4:$AC923)))}
B81: =IF(A81="","",IF(E81="","INDICAR NÚMERO DE PROYECTO",CONCATENATE("MULTA COERCITIVA - ",E81,"/",F81))) | D81: =IF(A81="","",IF(AL81<>"","EN ETAPA DE COBRANZA",IF(AH81<>"","EN SEGUIMIENTO DE MULTA",IF(AB81<>"","EN IMPOISICIÓN DE MULTA",IF(Q81<>"","EN ETAPA DE ÁNALISIS DE DESCARGOS",IF(OR(P82="VENCIDO", P82="EN PLAZO"),"EN ETAPA DE DESCARGOS","EN ETAPA DE DESCARGOS")))))) | F81: {=IF($A81="","",IFERROR(INDEX(MA_INDIVIDUALES!C$2:C923, MATCH($A81,MA_INDIVIDUALES!$B$2:$B923,0),1),"CÓDIGO DE EXPEDIENTE INVÁLIDO"))} | G81: {=IF($A81="","",IFERROR(INDEX(MA_INDIVIDUALES!K$2:K923, MATCH($A81,MA_INDIVIDUALES!$B$2:$B923,0),1),"CÓDIGO DE EXPEDIENTE INVÁLIDO"))} | H81: {=IF($A81="","",IFERROR(INDEX(MA_INDIVIDUALES!L$2:L923, MATCH($A81,MA_INDIVIDUALES!$B$2:$B923,0),1),"CÓDIGO DE EXPEDIENTE INVÁLIDO"))} | L81: =IF(A81="","",IF(K81="","",_xlfn.WORKDAY.INTL(K81,5,1,FERIADOS))) | P81: =IF(A81="","",IF(M81="NO","NO PRESENTÓ DESCARGOS",IF(N81="",IF(TODAY()<=L81,"EN PLAZO","VENCIDO"),IF(N81<=L81,"PRESENTADO EN PLAZO","PRESENTADO FUERA DE PLAZO")))) | Y81: =IF(A81="","",IF(U81="SI","ELABORAR MC",IF(U81="NO","NO AMERITA ELABORAR MC","EN PROCESO"))) | Z81: =IF(A81="","",IF(AND(AR81=-1,Y81="ELABORAR MC"),"SIN REGISTRO DE ETAPAS",IF(AND(AR81=0,Y81="ELABORAR MC"),"EN PROCESO",IF(AND(AR81=1,Y81="ELABORAR MC",AB81=""),"EN ESPERA DE REGISTRO DE RESOLUCIÓN",IF(AND(AR81=1,Y81="ELABORAR MC",AB81<>""),"TERMINADO",IF(OR(Y81="NO AMERITA MC",Y81="EN PROCESO"),"","")))))) | AE81: =IF(U81="","",IF(AD81="","",_xlfn.WORKDAY.INTL(AD81,7,1,FERIADOS))) | AG81: {=IF(A81="","",IF(AF81="","",AF81*INDEX(PARAMETROS!F$2:F1144,MATCH(YEAR(AC81),PARAMETROS!E$2:E1144,0),1)))} | AQ81: =IF($A81="","",IF(OR(AB81="",AL81="EN EJECUCIÓN"),"EN PROCESO", IF(AE81="","INDICAR FECHA DE NOTIFICACIÓN",IF(AM81="","NO PAGÓ MULTA",IF(AM81="",IF(TODAY()<=AE81,"EN PLAZO","VENCIDO"),IF(AM81<=AE81,"PAGADO EN PLAZO","PAGADO FUERA DE PLAZO")))))) | AR81: {=IF(A81="","",IFERROR(INDEX('2) Etapas'!L$3:L923,MATCH(B81,'2) Etapas'!$A$4:$A923,0),1),-1))} | AS81: =IF(A81="","",A81) | AT81: =IF(A81="","",IF(AU81="","MULTA EN ELABORACIÓN", "MULTA IMPUESTA")) | AU81: =IF(OR($A81="",$AB81="", $AC81=""),"", INDEX($AB$4:$AB1000,MATCH(CONCATENATE($A81,$AV81),$A$4:$A1000&$AC$4:$AC1000,0),1)) | AV81: {=IF(OR($A81="",$AB81="", $AC81=""),"",MAXA(IF($A81=$A$4:$A923,$AC$4:$AC923)))}
B82: =IF(A82="","",IF(E82="","INDICAR NÚMERO DE PROYECTO",CONCATENATE("MULTA COERCITIVA - ",E82,"/",F82))) | D82: =IF(A82="","",IF(AL82<>"","EN ETAPA DE COBRANZA",IF(AH82<>"","EN SEGUIMIENTO DE MULTA",IF(AB82<>"","EN IMPOISICIÓN DE MULTA",IF(Q82<>"","EN ETAPA DE ÁNALISIS DE DESCARGOS",IF(OR(P83="VENCIDO", P83="EN PLAZO"),"EN ETAPA DE DESCARGOS","EN ETAPA DE DESCARGOS")))))) | F82: {=IF($A82="","",IFERROR(INDEX(MA_INDIVIDUALES!C$2:C923, MATCH($A82,MA_INDIVIDUALES!$B$2:$B923,0),1),"CÓDIGO DE EXPEDIENTE INVÁLIDO"))} | G82: {=IF($A82="","",IFERROR(INDEX(MA_INDIVIDUALES!K$2:K923, MATCH($A82,MA_INDIVIDUALES!$B$2:$B923,0),1),"CÓDIGO DE EXPEDIENTE INVÁLIDO"))} | H82: {=IF($A82="","",IFERROR(INDEX(MA_INDIVIDUALES!L$2:L923, MATCH($A82,MA_INDIVIDUALES!$B$2:$B923,0),1),"CÓDIGO DE EXPEDIENTE INVÁLIDO"))} | L82: =IF(A82="","",IF(K82="","",_xlfn.WORKDAY.INTL(K82,5,1,FERIADOS))) | P82: =IF(A82="","",IF(M82="NO","NO PRESENTÓ DESCARGOS",IF(N82="",IF(TODAY()<=L82,"EN PLAZO","VENCIDO"),IF(N82<=L82,"PRESENTADO EN PLAZO","PRESENTADO FUERA DE PLAZO")))) | Y82: =IF(A82="","",IF(U82="SI","ELABORAR MC",IF(U82="NO","NO AMERITA ELABORAR MC","EN PROCESO"))) | Z82: =IF(A82="","",IF(AND(AR82=-1,Y82="ELABORAR MC"),"SIN REGISTRO DE ETAPAS",IF(AND(AR82=0,Y82="ELABORAR MC"),"EN PROCESO",IF(AND(AR82=1,Y82="ELABORAR MC",AB82=""),"EN ESPERA DE REGISTRO DE RESOLUCIÓN",IF(AND(AR82=1,Y82="ELABORAR MC",AB82<>""),"TERMINADO",IF(OR(Y82="NO AMERITA MC",Y82="EN PROCESO"),"","")))))) | AE82: =IF(U82="","",IF(AD82="","",_xlfn.WORKDAY.INTL(AD82,7,1,FERIADOS))) | AG82: {=IF(A82="","",IF(AF82="","",AF82*INDEX(PARAMETROS!F$2:F1145,MATCH(YEAR(AC82),PARAMETROS!E$2:E1145,0),1)))} | AQ82: =IF($A82="","",IF(OR(AB82="",AL82="EN EJECUCIÓN"),"EN PROCESO", IF(AE82="","INDICAR FECHA DE NOTIFICACIÓN",IF(AM82="","NO PAGÓ MULTA",IF(AM82="",IF(TODAY()<=AE82,"EN PLAZO","VENCIDO"),IF(AM82<=AE82,"PAGADO EN PLAZO","PAGADO FUERA DE PLAZO")))))) | AR82: {=IF(A82="","",IFERROR(INDEX('2) Etapas'!L$3:L923,MATCH(B82,'2) Etapas'!$A$4:$A923,0),1),-1))} | AS82: =IF(A82="","",A82) | AT82: =IF(A82="","",IF(AU82="","MULTA EN ELABORACIÓN", "MULTA IMPUESTA")) | AU82: =IF(OR($A82="",$AB82="", $AC82=""),"", INDEX($AB$4:$AB1001,MATCH(CONCATENATE($A82,$AV82),$A$4:$A1001&$AC$4:$AC1001,0),1)) | AV82: {=IF(OR($A82="",$AB82="", $AC82=""),"",MAXA(IF($A82=$A$4:$A923,$AC$4:$AC923)))}
